id,age,ed,employ,address,income,debtinc,creddebt,othdebt
1193,29,1,7,2,21.1,15.59,1.44079662,1.84869338
583,45,1,23,8,100.9,3.77,2.72361388,1.08031612
4972,47,1,7,13,62.8,21.9,6.9316128,6.8215872
4014,36,1,6,5,34.4,8.03,1.46955424,1.29276576
600,41,2,13,10,71.9,2.01,0.58241157,0.86277843
3453,28,1,11,7,49.1,13.44,3.71525952,2.88378048
4271,41,1,5,5,41.8,20.56,1.68443968,6.90964032
2319,44,1,24,18,113.1,6.62,0.60646482,6.88075518
4970,36,1,19,15,60.0,12.01,0.54045,6.66555
4673,35,1,9,14,42.6,6.63,0.72304128,2.10133872
3613,35,1,15,11,84.9,9.98,3.0502872,5.4227328
722,47,1,21,22,53.6,3.61,0.29798384,1.63697616
3446,26,4,1,0,59.2,20.26,0.5397264,11.4541936
2355,36,1,0,8,24.4,21.51,2.5717356,2.6767044
931,39,1,1,7,28.1,5.03,0.91731607,0.49611393
535,30,2,0,6,24.0,11.63,1.5044568,1.2867432
4540,29,2,0,0,21.5,14.84,1.2570964,1.9335036
4093,25,1,3,5,29.7,12.09,0.2872584,3.3034716
224,39,1,9,9,43.6,10.2,2.4192768,2.0279232
4051,35,3,13,6,48.3,6.82,1.3670349,1.9270251
1569,31,1,14,11,50.3,6.45,0.84677535,2.39757465
2427,31,1,12,2,38.7,7.75,1.0377405,1.9615095
4900,31,5,4,6,35.7,8.46,1.0721781,1.9480419
11,26,1,1,2,22.2,7.27,0.5810184,1.0329216
62,32,1,16,4,38.4,14.38,1.50196224,4.01995776
2004,42,1,5,9,22.9,2.67,0.27392064,0.33750936
1437,31,1,1,12,33.3,16.97,2.00045754,3.65055246
4809,31,1,14,3,25.5,14.87,0.682533,3.109317
2405,29,1,12,1,93.4,3.15,1.6564023,1.2856977
1546,47,1,23,9,100.2,6.99,0.98756118,6.01641882
1104,45,1,4,11,36.5,6.87,0.7322046,1.7753454
2764,47,2,12,26,24.3,8.42,0.41330412,1.63275588
1153,48,3,1,16,32.0,5.8,1.00224,0.85376
1567,31,1,6,3,26.6,2.45,0.2372188,0.4144812
2423,27,1,10,0,41.7,0.72,0.06335064,0.23688936
2077,21,1,1,0,22.9,11.27,0.45164525,2.12918475
3397,36,1,18,10,71.6,11.71,3.79811508,4.58624492
3805,43,1,25,7,111.9,25.67,7.06628358,21.65844642
2185,33,1,16,1,37.3,6.29,0.38477188,1.96139812
726,43,2,16,12,63.2,3.01,0.8275092,1.0748108
259,32,1,7,2,27.4,16.19,2.73704902,1.69901098
1801,26,1,0,7,16.2,11.8,0.4798116,1.4317884
844,23,1,4,3,18.8,9.29,0.98503728,0.76148272
1123,42,1,19,11,54.0,24.34,1.6298064,11.5137936
2648,37,1,5,16,26.9,22.56,1.81452336,4.25411664
2049,24,2,1,5,30.6,6.63,1.13814558,0.89063442
1221,38,2,19,9,34.3,18.71,3.72858493,2.68894507
1922,31,1,0,2,19.8,10.47,0.6841098,1.3889502
1857,32,1,5,11,24.2,13.31,0.94375886,2.27726114
4604,23,2,0,1,17.8,8.73,0.47239776,1.08154224
1909,30,1,9,2,20.6,6.06,0.59796444,0.65039556
3375,27,2,5,1,43.9,11.57,1.43234286,3.64688714
202,31,4,0,10,27.8,13.52,0.28565056,3.47290944
3755,38,1,0,18,36.6,19.78,3.23604756,4.00343244
1213,40,3,5,5,63.6,20.12,5.96308512,6.83323488
3342,32,1,13,1,30.8,19.05,3.579114,2.288286
3382,43,1,19,2,90.6,10.03,2.56258476,6.52459524
437,30,1,7,5,22.5,15.09,0.4821255,2.9131245
3733,51,1,30,11,55.6,6.31,0.67360512,2.83475488
3426,39,1,5,0,33.5,7.29,1.55076525,0.89138475
2961,27,3,6,5,28.6,4.21,0.74290502,0.46115498
1564,42,1,7,19,30.5,7.51,1.2598025,1.0307475
3248,38,1,20,13,67.4,3.72,0.59923992,1.90804008
1786,52,1,11,2,59.4,0.22,0.00705672,0.12362328
2604,44,1,9,15,34.7,12.15,1.97732745,2.23872255
454,32,1,10,0,22.4,6.85,0.514024,1.020376
2500,27,3,3,3,21.9,13.98,0.87562332,2.18599668
1692,43,1,13,10,34.8,3.28,0.0970224,1.0444176
4803,25,1,9,1,27.5,18.06,1.211826,3.754674
4184,35,1,2,10,21.9,6.43,0.6195948,0.7885752
1107,32,4,2,2,42.7,12.44,3.14994484,2.16193516
900,31,1,11,10,25.3,8.63,0.6331831,1.5502069
4655,41,1,7,15,34.4,13.62,0.1639848,4.5212952
27,28,1,0,0,20.4,0.99,0.07512912,0.12683088
4891,56,2,36,27,270.3,19.0,25.986642,25.370358
3970,33,1,10,1,17.5,4.86,0.105462,0.745038
4791,30,1,8,8,27.3,4.81,0.70252455,0.61060545
541,36,1,2,10,47.0,36.56,7.216944,9.966256
1203,34,1,10,15,31.2,16.61,1.66352472,3.51879528
4188,41,2,19,11,72.6,15.91,5.29020228,6.26045772
3578,24,1,5,1,20.0,5.74,0.277816,0.870184
2602,40,1,16,9,43.4,10.87,0.93879842,3.77878158
2824,31,3,1,3,16.3,11.07,0.52508331,1.27932669
495,46,2,28,4,221.3,16.12,18.08649492,17.58706508
1976,41,1,3,16,30.9,5.93,0.96016188,0.87220812
3048,23,1,1,0,27.1,10.09,0.79023871,1.94415129
1610,28,1,12,8,24.8,7.24,0.66793344,1.12758656
4561,37,1,13,11,27.7,8.76,1.29333516,1.13318484
3540,54,2,5,13,25.7,3.23,0.25484377,0.57526623
2310,34,1,18,0,48.5,16.58,3.4095112,4.6317888
2373,38,1,5,1,22.4,1.26,0.01467648,0.26756352
2954,38,2,0,16,20.5,8.98,0.7934279,1.0474721
2476,31,1,15,12,32.9,20.64,3.55146288,3.23909712
417,34,1,16,13,45.2,18.32,2.64152416,5.63911584
4629,36,1,10,17,55.2,10.4,0.7922304,4.9485696
1554,38,2,18,11,72.5,3.07,0.17806,2.04769
3454,32,1,5,1,32.9,27.48,2.73035784,6.31056216
3735,42,2,21,20,83.2,12.12,6.43348992,3.65035008
89,26,4,1,1,26.0,10.5,0.33033,2.39967
829,42,3,7,4,46.1,18.6,0.42873,8.14587
1392,30,4,5,5,21.6,7.33,0.68556024,0.89771976
2284,37,2,12,8,50.2,1.13,0.35907558,0.20818442
2650,42,3,14,3,70.0,10.61,4.805269,2.621731
1938,38,1,3,6,32.7,19.44,2.31390432,4.04297568
4844,32,1,1,1,17.9,3.69,0.12483639,0.53567361
899,41,4,0,3,44.0,13.58,0.8305528,5.1446472
3991,45,3,20,12,127.4,9.0,1.800162,9.665838
2028,36,1,5,11,20.4,12.73,1.22834316,1.36857684
962,33,2,12,13,55.3,16.53,1.72766601,7.41342399
1361,38,2,15,3,42.9,5.82,0.16728426,2.32949574
728,40,1,14,16,37.7,11.99,0.71871657,3.80151343
1460,43,2,11,7,34.6,14.33,0.65943794,4.29874206
1302,37,1,19,6,50.3,0.72,0.1412424,0.2209176
3593,25,1,9,5,17.2,21.77,1.35548728,2.38895272
3378,27,3,5,7,46.2,7.04,1.41808128,1.83439872
3330,52,2,18,21,35.0,2.2,0.19712,0.57288
599,44,1,18,22,66.2,19.53,2.01690216,10.91195784
4823,44,1,19,13,89.3,17.11,2.15437143,13.12485857
3233,49,2,0,27,20.0,12.65,1.00694,1.52306
603,26,2,5,7,36.2,15.4,2.285668,3.289132
4193,32,1,9,1,30.8,3.14,0.145068,0.822052
4483,31,3,8,12,60.3,2.01,0.23513382,0.97689618
4496,20,1,1,0,22.3,14.71,0.18369848,3.09663152
1293,34,1,3,11,18.9,8.61,0.68183451,0.94545549
3965,47,1,19,6,78.6,8.59,1.36385148,5.38788852
2795,35,1,16,6,37.1,9.81,1.46308302,2.17642698
4071,31,1,6,8,20.3,1.33,0.09962631,0.17036369
4760,31,1,11,1,25.6,8.24,0.71299072,1.39644928
2939,26,1,4,0,23.0,7.44,0.487692,1.223508
2720,36,4,11,17,66.5,10.31,4.28509375,2.57105625
52,30,1,11,5,36.9,15.58,1.94316876,3.80585124
3501,40,2,19,12,73.9,9.23,3.23313978,3.58783022
558,49,2,11,1,58.2,6.2,0.5629104,3.0454896
2655,26,2,1,0,12.3,2.51,0.05989362,0.24883638
1456,33,2,14,11,40.1,7.62,0.53778912,2.51783088
746,33,2,6,2,26.5,4.24,0.0359552,1.0876448
1208,33,1,6,4,29.7,23.87,3.13351038,3.95587962
664,30,1,11,1,34.0,8.12,1.4135296,1.3472704
2505,33,3,4,14,54.4,6.18,0.3025728,3.0593472
1587,51,4,24,5,330.7,5.11,2.01095363,14.88781637
400,39,2,18,9,60.2,2.14,0.51273544,0.77554456
3660,26,2,3,2,41.8,3.76,0.6129552,0.9587248
3336,37,3,9,0,34.0,5.23,0.1902674,1.5879326
2015,36,2,16,17,80.5,16.38,1.4108913,11.7750087
2831,42,1,20,16,58.8,15.06,5.755932,3.099348
975,24,1,6,5,27.9,2.93,0.12016809,0.69730191
1434,29,2,5,4,27.0,5.6,0.814968,0.697032
4839,35,1,5,12,31.7,6.91,1.14780628,1.04266372
1279,29,3,7,7,55.3,24.2,3.2921196,10.0904804
2603,35,3,13,1,23.0,3.02,0.4118978,0.2827022
946,27,3,0,6,33.7,8.97,0.82827186,2.19461814
4327,30,1,1,7,20.1,0.12,0.00576468,0.01835532
768,31,2,1,7,15.6,3.07,0.1628328,0.3160872
3115,29,1,4,0,21.0,9.6,1.233792,0.782208
422,30,1,5,10,27.7,11.76,0.9283932,2.3291268
563,30,1,14,5,29.7,10.48,0.07470144,3.03785856
1158,37,3,7,9,50.5,5.56,1.1680448,1.6397552
4733,25,2,3,2,27.2,5.54,0.0678096,1.4390704
937,29,1,1,9,19.0,14.04,0.2027376,2.4648624
1606,53,2,16,34,138.9,1.0,0.459759,0.929241
1020,45,1,0,24,29.4,16.22,1.81686708,2.95181292
42,40,2,20,20,70.5,17.16,3.9438828,8.1539172
4713,26,2,3,6,33.4,5.33,0.25635168,1.52386832
3053,34,1,3,8,35.3,3.31,0.52228821,0.64614179
777,45,1,21,24,95.7,18.58,4.12520592,13.65585408
2397,30,1,13,0,35.2,4.98,0.53289984,1.22006016
4784,25,1,7,2,22.5,15.06,1.0334925,2.3550075
4023,32,2,11,0,40.9,2.04,0.4505544,0.3838056
201,52,1,35,15,182.7,9.21,9.40610853,7.42056147
3736,38,1,18,12,45.4,11.49,1.49712402,3.71933598
4736,34,1,6,3,24.0,11.62,0.6497904,2.1390096
33,45,1,3,15,23.9,2.18,0.130255,0.390765
717,41,3,13,15,57.1,15.89,3.74722747,5.32596253
4073,35,2,13,8,39.7,4.87,1.1020323,0.8313577
902,33,2,8,1,46.0,16.39,2.3296746,5.2097254
415,26,2,3,1,28.5,17.19,2.14092855,2.75822145
3583,27,1,8,7,30.4,6.16,0.3558016,1.5168384
2534,22,1,1,0,25.0,22.37,1.63301,3.95949
4731,27,1,9,0,23.7,8.19,1.0869768,0.8540532
218,42,1,19,12,35.2,6.86,0.34289024,2.07182976
2707,29,1,11,0,20.3,5.47,0.16767191,0.94273809
4917,41,3,12,7,35.2,17.5,3.0184,3.1416
2064,26,1,6,0,17.6,4.01,0.09457184,0.61118816
705,32,1,3,4,16.7,8.52,0.07541052,1.34742948
4420,31,1,7,1,32.7,6.85,0.32031285,1.91963715
2130,30,1,14,8,36.2,26.22,3.50241516,5.98922484
344,26,3,0,4,27.3,17.32,0.83691972,3.89144028
1073,28,2,6,6,19.2,27.76,0.44238336,4.88753664
3865,41,1,24,5,77.3,8.07,1.29128877,4.94682123
4101,29,1,11,7,44.0,12.83,3.1782476,2.4669524
3940,39,3,7,16,21.6,7.68,0.66521088,0.99366912
2029,35,2,15,15,69.7,13.49,2.74553876,6.65699124
4567,39,2,3,19,31.1,7.61,0.19880364,2.16790636
4257,26,1,2,6,21.6,3.31,0.1108188,0.6041412
2349,22,1,1,1,28.7,6.8,0.4703356,1.4812644
3260,33,2,7,0,36.6,3.78,0.242109,1.141371
3101,42,1,12,3,27.9,2.33,0.26977905,0.38029095
2982,54,1,36,8,209.7,0.89,0.39566196,1.47066804
4785,23,1,6,2,30.6,12.81,0.9995643,2.9202957
522,40,1,16,12,69.8,10.49,1.96230136,5.35971864
1140,39,1,1,17,23.9,7.36,0.46790464,1.29113536
2160,22,2,1,2,15.2,8.29,0.89843704,0.36164296
1226,38,1,7,15,30.6,20.35,1.1333322,5.0937678
67,31,1,11,11,25.0,7.44,0.87234,0.98766
2003,34,2,9,8,37.9,1.91,0.1809725,0.5429175
3721,39,1,9,16,97.9,15.93,7.62618483,7.96928517
1652,27,1,5,2,28.7,14.85,1.1422026,3.1197474
4856,31,1,10,10,24.2,3.32,0.36395832,0.43948168
3434,29,1,13,0,30.6,10.87,0.15965856,3.16656144
1251,35,2,3,5,22.8,9.2,0.9523104,1.1452896
2618,27,4,0,1,39.1,4.97,0.70735028,1.23591972
110,24,2,3,1,21.2,8.83,0.38000788,1.49195212
2086,32,1,6,5,19.0,5.31,0.2572695,0.7516305
860,38,2,15,3,68.4,12.15,3.5403156,4.7702844
452,50,1,15,18,46.3,5.81,0.45999513,2.23003487
2288,22,4,0,2,22.3,7.64,0.91319392,0.79052608
3729,37,2,13,2,58.0,14.55,4.337646,4.101354
2695,27,1,9,1,23.3,44.62,1.06043892,9.33602108
1117,39,1,3,11,20.1,3.53,0.11991057,0.58961943
4475,32,3,7,5,33.7,5.86,0.42656112,1.54825888
1823,50,4,21,4,72.0,11.18,4.9827024,3.0668976
2920,30,1,10,0,53.1,5.57,0.71871381,2.23895619
26,29,1,8,6,34.5,7.47,1.0514772,1.5256728
4007,33,1,1,4,27.4,6.36,0.9061728,0.8364672
43,45,1,23,5,71.4,4.26,0.80907624,2.23256376
4419,29,1,12,0,24.3,13.32,1.81905912,1.41770088
920,49,1,27,2,76.4,4.0,0.299488,2.756512
4042,45,1,23,3,69.1,8.14,1.406185,4.218555
1151,57,1,10,1,55.4,1.15,0.2796869,0.3574131
4254,43,3,1,14,33.2,6.93,0.8512812,1.4494788
1921,35,1,18,9,102.2,11.09,1.84743874,9.48654126
3171,25,1,6,4,14.6,1.85,0.1280274,0.1420726
1391,43,1,13,10,34.8,4.75,0.404985,1.248015
4462,28,1,5,2,17.1,6.05,0.2379465,0.7966035
819,24,1,1,2,15.0,14.49,0.2282175,1.9452825
3167,42,2,15,4,39.6,16.12,1.76185152,4.62166848
2772,24,2,1,2,22.0,6.08,0.4868864,0.8507136
2092,25,3,1,2,47.6,9.3,0.6905808,3.7362192
803,22,2,0,3,27.5,15.98,1.0590745,3.3354255
835,31,1,14,2,44.6,3.49,0.26772488,1.28881512
4127,39,2,8,19,29.6,8.78,0.68090656,1.91797344
3924,36,1,19,13,35.9,17.8,3.0481254,3.3420746
1235,29,1,1,1,28.4,4.64,0.3030848,1.0146752
3161,38,1,2,2,24.1,10.81,1.33647273,1.26873727
795,38,2,14,4,78.9,13.38,0.9501138,9.6067062
1593,46,1,27,24,176.3,4.55,1.70861145,6.31303855
2433,31,2,0,0,43.0,8.87,2.0557999,1.7583001
3346,38,3,6,13,81.0,10.32,1.9309752,6.4282248
2479,39,2,2,18,20.8,20.18,1.72934528,2.46809472
715,39,1,22,12,41.9,6.77,0.30068278,2.53594722
2055,26,1,3,7,24.0,18.56,2.3786496,2.0757504
4947,22,1,4,2,13.5,6.88,0.5628528,0.3659472
2972,39,2,6,15,21.2,18.46,2.18765768,1.72586232
542,29,1,3,7,21.9,7.29,0.16444053,1.43206947
1729,39,2,11,1,30.0,17.21,1.745094,3.417906
4379,35,2,8,4,43.9,18.92,3.66289308,4.64298692
1101,45,2,25,9,150.9,10.19,1.33777377,14.03893623
3647,42,2,14,0,132.0,7.33,4.4120736,5.2635264
3680,34,2,12,3,54.0,8.83,1.0108584,3.7573416
754,39,1,19,2,55.1,5.44,0.8842448,2.1131952
947,27,1,3,5,21.1,4.49,0.48601107,0.46137893
3947,37,1,12,16,106.6,9.76,2.81952736,7.58463264
1360,36,1,7,1,49.9,12.05,0.42691945,5.58603055
3980,40,3,0,15,60.3,13.45,3.07382265,5.03652735
1000,30,1,10,10,31.5,15.58,2.5225578,2.3851422
2118,35,2,8,15,56.3,0.98,0.0248283,0.5269117
2565,44,1,0,21,18.3,3.0,0.083997,0.465003
2253,47,1,5,21,22.2,6.92,0.69284424,0.84339576
4505,42,2,4,9,32.2,10.1,0.8585808,2.3936192
2682,37,1,13,3,49.2,11.8,2.699604,3.105996
2722,39,1,13,17,32.3,11.27,0.12740735,3.51280265
2301,41,2,14,15,67.3,3.66,1.354749,1.108431
1503,38,1,0,4,33.4,14.96,0.86441872,4.13222128
3828,30,1,10,5,37.5,4.47,0.21623625,1.46001375
2094,45,3,10,0,120.3,3.99,0.89759439,3.90237561
2662,26,1,8,4,38.7,7.28,0.50149008,2.31586992
3567,28,1,11,4,30.0,8.63,0.701619,1.887381
1628,57,1,11,20,39.8,9.48,1.56958464,2.20345536
1059,28,1,0,3,12.8,8.76,0.36777984,0.75350016
4651,46,1,22,14,91.7,14.51,2.96716441,10.33850559
1034,28,1,0,7,19.7,3.47,0.1435539,0.5400361
1853,43,2,15,0,94.2,9.32,1.87002072,6.90941928
3851,33,1,15,0,42.1,24.6,1.6466994,8.7099006
2030,29,4,1,8,77.7,13.01,6.12591462,3.98285538
713,31,1,1,8,22.1,14.78,1.11383558,2.15254442
4851,33,2,14,14,37.4,11.73,1.50474786,2.88227214
4498,26,1,1,4,19.2,10.1,0.33936,1.59984
1585,31,2,12,4,73.5,3.51,0.4334148,2.1464352
3259,37,1,17,14,31.8,7.15,0.5752461,1.6984539
1219,40,1,5,12,37.2,4.29,0.77878944,0.81709056
1547,32,1,8,7,34.7,7.66,1.66657854,0.99144146
186,31,1,4,10,24.4,6.9,0.9832224,0.7003776
4877,27,1,1,6,21.4,9.53,0.54452514,1.49489486
1087,33,1,14,14,36.5,10.3,1.007546,2.751954
2932,42,1,4,15,20.0,4.88,0.49776,0.47824
2375,48,1,25,22,126.6,10.22,5.00720724,7.93131276
3326,36,1,12,6,31.3,2.41,0.05732908,0.69700092
1669,47,1,20,21,44.7,17.88,3.46868424,4.52367576
1811,46,3,4,17,58.9,9.33,1.83545358,3.65991642
1894,39,2,19,19,87.0,4.3,1.402875,2.338125
4040,34,1,8,15,32.6,7.06,0.13118892,2.17037108
4614,46,2,27,2,108.5,24.68,9.0241186,17.7536814
364,43,2,19,9,74.7,8.24,2.923758,3.231522
3566,36,2,5,6,65.1,5.67,1.03721877,2.65395123
4163,35,1,11,12,27.5,6.8,0.61336,1.25664
4758,45,2,15,7,69.5,9.82,4.7979047,2.0269953
41,21,3,0,2,30.0,5.42,0.25203,1.37397
2893,32,1,0,3,26.1,13.65,0.8977878,2.6648622
379,54,1,16,16,42.6,14.85,2.087613,4.238487
3362,43,1,22,22,106.8,4.08,1.08936,3.26808
4658,35,2,15,7,48.4,4.9,1.0363892,1.3352108
4875,39,1,8,10,22.9,3.81,0.07154418,0.80094582
3441,23,4,0,1,24.9,12.83,1.53663627,1.65803373
3218,26,1,1,2,19.8,5.41,0.3963366,0.6748434
1298,32,2,10,13,34.0,5.06,0.2959088,1.4244912
3209,25,4,0,5,50.1,1.97,0.41354043,0.57342957
3763,39,2,1,19,29.8,16.07,2.82063854,1.96822146
4946,34,2,3,1,28.0,9.76,0.5684224,2.1643776
2244,26,1,1,5,22.3,6.75,0.63672075,0.86852925
1214,28,1,9,3,21.7,8.37,0.35599284,1.46029716
472,35,1,14,14,40.4,9.88,1.47287088,2.51864912
3849,28,2,6,2,43.1,9.37,0.76327083,3.27519917
796,39,1,7,4,53.0,15.72,2.8244124,5.5071876
3207,30,1,10,2,22.7,3.82,0.11099392,0.75614608
4086,32,2,7,12,16.6,7.57,0.64464606,0.61197394
2907,27,1,9,3,21.0,3.63,0.1280664,0.6342336
1895,28,2,3,6,35.7,8.47,1.36977687,1.65401313
256,33,1,6,3,24.4,8.11,0.5144984,1.4643416
2454,28,1,10,3,64.6,22.52,7.3466996,7.2012204
4048,49,1,27,21,105.0,13.44,0.451584,13.660416
708,26,1,1,7,23.5,8.6,0.238478,1.782522
3544,24,1,3,0,25.9,8.27,0.70469497,1.43723503
377,32,1,10,13,34.4,8.5,1.497088,1.426912
4200,34,4,8,15,19.4,13.89,0.64941306,2.04524694
791,24,2,2,0,26.0,10.09,0.7161882,1.9072118
4081,49,1,6,13,32.0,6.54,0.1841664,1.9086336
2762,31,2,8,0,27.0,7.83,0.3826521,1.7314479
4484,35,1,13,12,29.9,6.89,0.65511498,1.40499502
3935,39,2,14,11,96.9,7.67,1.85062527,5.58160473
2201,30,1,14,4,47.2,3.41,0.14807584,1.46144416
3610,49,1,8,17,28.9,11.8,0.562683,2.847517
4478,39,1,13,9,61.1,8.52,0.7548294,4.4508906
4139,21,1,5,1,26.2,4.27,0.63880054,0.47993946
3443,22,2,1,3,21.2,22.81,2.34048848,2.49523152
2401,29,1,5,3,20.0,5.52,0.177744,0.926256
3294,28,1,2,4,20.0,31.6,1.22608,5.09392
2226,47,1,29,7,143.8,11.09,1.9934275,13.9539925
776,38,2,19,0,62.7,9.62,1.95428376,4.07745624
3943,40,2,20,9,140.6,10.84,2.4385664,12.8024736
1134,35,2,6,3,20.6,19.15,1.4951171,2.4497829
564,35,3,7,5,63.8,1.68,0.46946592,0.60237408
4047,31,1,8,3,35.7,9.54,0.4768092,2.9289708
3165,32,1,6,1,34.1,13.04,1.00494064,3.44169936
674,50,4,22,9,139.9,7.29,3.80411883,6.39459117
410,36,1,12,6,47.3,5.78,2.46874782,0.26519218
3347,33,1,4,12,31.8,24.93,3.8053152,4.1224248
2305,33,1,5,12,36.0,2.18,0.3154896,0.4693104
3255,43,1,12,16,40.4,2.93,0.059186,1.124534
2983,39,1,13,17,34.4,6.61,1.08689552,1.18694448
4319,35,2,8,3,31.8,3.48,0.41609664,0.69054336
2803,53,1,24,5,89.4,14.46,2.80521108,10.12202892
2472,22,3,0,1,84.7,1.89,0.26093529,1.33989471
3936,23,3,0,3,22.5,29.9,1.3118625,5.4156375
3503,32,1,2,8,47.9,4.91,0.0940756,2.2578144
826,35,3,0,1,47.4,7.87,2.09647356,1.63390644
4425,25,1,1,2,15.1,18.98,1.10913426,1.75684574
2480,32,2,11,7,41.2,8.33,0.97467664,2.45728336
175,36,1,13,16,40.8,22.65,1.663416,7.577784
2748,33,1,5,13,22.8,19.73,0.35537676,4.14306324
74,53,1,28,32,83.4,7.2,1.8734976,4.1313024
3195,55,3,15,30,170.1,7.46,5.03771562,7.65174438
2830,40,4,1,7,25.7,14.07,1.73929119,1.87669881
2606,42,1,3,16,24.5,4.87,0.4987367,0.6944133
1869,32,1,8,5,27.5,17.98,0.4697275,4.4747725
620,21,2,0,1,16.6,0.79,0.04891522,0.08222478
934,26,1,7,4,37.6,2.98,0.532228,0.588252
2151,42,2,14,14,54.0,5.36,1.2793248,1.6150752
1488,37,1,9,7,26.8,1.37,0.08150952,0.28565048
2880,23,2,0,4,12.8,10.67,0.84267392,0.52308608
4962,49,1,13,29,47.9,10.21,1.78995594,3.10063406
4730,21,1,1,2,17.3,25.92,1.34973216,3.13442784
3309,31,2,0,12,20.4,4.93,0.5883462,0.4173738
545,53,2,12,27,38.5,2.05,0.06866475,0.72058525
1623,41,1,11,13,25.1,6.75,0.162648,1.531602
3520,31,1,11,12,31.3,18.51,4.07292189,1.72070811
2511,33,4,2,13,50.6,7.97,1.05256602,2.98025398
3290,39,1,20,14,72.1,19.1,8.6620219,5.1090781
4353,25,1,1,3,17.5,15.87,0.44158275,2.33566725
1420,36,1,17,15,72.9,2.21,0.78782301,0.82326699
3665,38,2,14,2,40.7,13.94,3.27365566,2.39992434
204,26,1,4,3,15.9,5.05,0.4207458,0.3822042
4846,29,2,3,9,26.1,6.15,0.5553819,1.0497681
4562,36,1,14,12,33.1,5.46,0.64880634,1.15845366
468,44,3,1,8,20.0,26.98,0.739252,4.656748
1275,45,2,4,3,22.1,17.56,0.62480236,3.25595764
4827,38,4,4,6,96.7,14.17,6.64565915,7.05673085
1719,50,1,21,7,74.4,5.64,1.06582464,3.13033536
2784,24,1,8,5,22.9,10.41,0.70324755,1.68064245
4346,46,1,15,17,45.1,3.67,0.30951679,1.34565321
219,41,1,5,10,42.0,14.15,1.456035,4.486965
1405,44,4,8,18,45.3,7.49,1.9679226,1.4250474
3666,42,1,10,18,42.5,6.25,0.924375,1.731875
3756,31,2,11,10,39.9,9.89,2.75833089,1.18777911
4779,25,2,4,1,13.5,11.85,0.2975535,1.3021965
1137,29,2,3,10,22.2,0.97,0.07558434,0.13975566
3739,30,1,4,1,29.4,15.81,2.39844024,2.24969976
1077,31,3,6,9,54.8,10.81,1.45727448,4.46660552
1731,32,1,5,4,20.0,15.12,0.405216,2.618784
1680,34,1,4,5,21.8,14.66,0.8469082,2.3489718
704,41,2,10,20,50.5,19.12,3.1477256,6.5078744
2890,26,2,3,1,20.0,25.11,1.551798,3.470202
1209,30,1,12,4,31.4,14.73,2.02584636,2.59937364
2377,37,3,10,9,31.9,30.84,8.1655068,1.6724532
1135,40,2,11,0,42.7,10.91,0.47517414,4.18339586
265,42,1,26,10,60.4,19.81,4.85788744,7.10735256
318,44,1,15,2,44.3,5.51,1.60125008,0.83967992
150,23,3,1,3,54.2,20.74,1.20279556,10.03828444
2515,29,2,5,9,49.7,9.62,4.2552146,0.5259254
1789,51,1,32,26,303.9,7.18,4.38582402,17.43419598
84,32,1,4,3,19.7,23.84,1.44651584,3.24996416
300,38,2,3,18,25.7,10.92,1.66702536,1.13941464
2102,44,1,25,2,165.0,5.87,2.770053,6.915447
2383,36,4,6,12,83.2,17.6,5.6522752,8.9909248
1704,36,2,14,13,50.4,6.08,0.73850112,2.32581888
4862,35,5,9,15,84.4,9.59,0.4856376,7.6083224
2732,28,1,3,4,36.6,6.64,0.46903632,1.96120368
3543,54,5,26,13,389.8,2.98,2.88077792,8.73526208
911,27,3,5,2,40.6,10.54,1.70313752,2.57610248
964,46,2,25,5,260.4,10.69,11.80278624,16.03397376
531,45,1,19,9,84.4,12.34,0.96859128,9.44636872
927,39,1,7,7,19.7,6.46,0.52559206,0.74702794
4264,38,1,17,16,61.5,9.59,2.35324215,3.54460785
4237,55,1,20,35,55.8,8.28,1.0626552,3.5575848
879,31,1,8,2,26.8,5.19,0.62035032,0.77056968
2262,44,1,26,21,85.7,1.26,0.57878352,0.50103648
3191,44,1,16,13,54.5,3.39,0.33440655,1.51314345
1262,35,3,10,2,38.7,9.8,0.1858374,3.6067626
2727,51,1,14,16,50.2,13.04,3.96692448,2.57915552
2619,29,2,3,2,23.0,7.57,0.1305825,1.6105175
3811,24,1,5,4,21.5,4.09,0.0756241,0.8037259
1502,28,1,5,7,32.0,13.57,1.1854752,3.1569248
3273,25,1,4,0,17.3,1.08,0.09771732,0.08912268
1492,31,2,3,3,14.8,15.38,1.03341296,1.24282704
3062,40,1,21,6,103.3,9.53,4.02639641,5.81809359
4725,24,1,3,2,27.3,4.59,0.52503633,0.72803367
2554,40,1,2,8,31.6,21.65,3.694356,3.147044
2877,22,1,5,2,26.4,17.76,1.25186688,3.43677312
701,27,1,10,8,36.5,16.01,2.4777076,3.3659424
2614,26,1,10,0,19.8,16.23,0.8355204,2.3780196
2712,24,2,0,4,32.8,16.63,1.27093112,4.18370888
3092,33,1,15,2,67.3,1.84,0.89035208,0.34796792
3875,31,2,9,8,60.0,13.66,5.04054,3.15546
4695,33,1,13,7,32.6,4.21,1.15012148,0.22233852
4899,46,1,17,0,77.8,16.53,7.88338842,4.97695158
4905,32,4,8,12,40.2,10.24,0.8027136,3.3137664
2559,37,2,13,2,38.5,5.9,1.508276,0.763224
1080,31,2,2,10,22.6,13.71,1.80950064,1.28895936
4113,41,3,8,18,42.8,2.54,0.27612848,0.81099152
290,33,1,7,0,33.7,14.93,1.75093068,3.28047932
1760,24,2,1,0,18.0,5.3,0.46269,0.49131
2121,36,1,9,12,33.0,7.79,1.7043741,0.8663259
441,50,2,16,14,84.7,5.04,0.39273696,3.87614304
2667,28,2,2,2,23.4,20.4,1.6182504,3.1553496
4393,34,1,0,6,24.3,10.68,0.3114288,2.2838112
466,42,1,5,9,24.2,27.38,1.49746696,5.12849304
4625,29,1,12,6,27.5,17.96,2.647304,2.291696
3310,32,2,10,1,42.7,20.33,6.53672523,2.14418477
4405,43,1,17,21,52.3,6.67,1.66048316,1.82792684
3603,22,1,4,0,25.1,13.89,1.41198795,2.07440205
1325,37,3,11,2,95.6,11.39,0.94732908,9.94151092
1297,21,2,0,2,17.2,7.52,0.81357376,0.47986624
322,38,3,11,8,45.3,11.12,1.67744088,3.35991912
3507,24,1,4,0,19.8,9.43,0.1026927,1.7644473
1148,47,1,16,5,53.3,4.67,0.88861227,1.60049773
3946,46,3,8,0,42.8,3.75,0.85386,0.75114
4870,51,1,26,15,128.7,6.81,4.77663615,3.98783385
2653,29,1,13,0,51.7,6.36,0.13481292,3.15330708
4565,28,2,0,2,23.7,15.07,0.57859758,2.99299242
1706,46,3,24,6,84.9,13.46,2.61690666,8.81063334
1261,32,4,4,1,64.3,10.31,2.87049989,3.75883011
662,54,1,4,3,30.7,15.56,1.81045268,2.96646732
2402,30,2,7,6,33.0,19.91,2.8515102,3.7187898
16,35,1,7,13,42.8,10.99,0.99248492,3.71123508
2182,25,2,1,2,16.9,13.82,1.7750408,0.5605392
3435,37,2,2,15,32.2,21.36,2.08400976,4.79391024
3919,45,1,9,7,46.1,11.46,3.36002616,1.92303384
865,36,1,8,17,32.0,10.47,1.2128448,2.1375552
4806,38,1,22,14,98.9,4.1,1.3016229,2.7532771
2289,37,2,10,18,46.0,2.29,0.4445348,0.6088652
3403,36,1,6,4,32.0,4.56,0.5749248,0.8842752
4278,43,2,7,2,26.0,1.94,0.2738892,0.2305108
1388,33,1,11,5,23.0,15.29,2.0291359,1.4875641
2702,33,1,5,9,21.6,11.0,1.69884,0.67716
3094,30,1,10,9,55.3,8.96,1.45177984,3.50310016
1431,35,1,4,7,19.8,19.97,1.24948296,2.70457704
4294,41,1,18,2,136.2,17.21,8.3212071,15.1188129
4971,31,1,3,3,25.4,4.82,0.19466052,1.02961948
1664,28,1,10,7,35.6,3.03,0.62455572,0.45412428
434,34,1,10,3,32.4,9.64,1.63664064,1.48671936
1689,47,4,16,0,172.6,14.44,19.58982384,5.33361616
3215,30,1,2,9,19.3,8.6,1.1353032,0.5244968
1481,33,2,5,13,48.8,5.44,0.48315904,2.17156096
4548,26,2,4,2,38.2,14.76,3.37171536,2.26660464
971,32,1,0,8,20.3,11.83,0.6484023,1.7530877
477,36,1,10,9,38.8,5.13,0.71456796,1.27587204
4490,44,1,18,4,141.3,17.17,6.64757154,17.61363846
587,31,2,11,3,34.2,4.79,0.13760712,1.50057288
2864,39,4,7,20,68.9,6.16,1.13745632,3.10678368
2597,37,1,5,11,33.1,5.04,0.7173432,0.9508968
4619,43,2,14,12,42.3,5.25,0.4041765,1.8165735
2833,46,3,10,1,48.9,7.52,2.40126384,1.27601616
3513,35,2,9,9,36.0,1.51,0.0385956,0.5050044
4964,31,1,7,12,25.0,11.05,0.325975,2.436525
632,25,2,1,6,31.0,11.94,0.4959876,3.2054124
1975,24,1,3,3,20.2,4.78,0.20662984,0.75893016
4504,50,2,24,10,152.6,1.13,1.15705898,0.56732102
3761,34,1,15,4,33.5,16.99,2.38480135,3.30684865
2075,33,1,13,7,61.7,11.85,2.0033373,5.3081127
4234,49,1,5,1,30.9,6.59,0.92652105,1.10978895
4479,29,1,3,7,21.0,10.45,0.706629,1.487871
1061,29,2,7,2,57.9,9.45,1.49373315,3.97781685
293,49,2,21,29,167.8,6.88,1.44308,10.10156
1350,24,1,8,0,30.2,9.51,0.35325846,2.51876154
462,28,1,11,4,28.4,23.57,1.96130684,4.73257316
637,30,1,9,2,39.1,14.22,2.35188846,3.20813154
3219,29,1,5,2,16.4,8.02,0.460348,0.854932
4480,30,1,1,2,18.4,2.55,0.1768884,0.2923116
513,34,1,4,5,22.0,9.71,0.7220356,1.4141644
673,45,2,2,19,63.3,0.54,0.20577564,0.13604436
4641,35,1,16,9,57.6,15.85,4.0535424,5.0760576
737,52,1,17,3,43.5,2.92,1.1406396,0.1295604
1815,33,2,0,1,32.4,11.6,1.1350368,2.6233632
2578,48,2,24,26,40.2,5.57,1.1419614,1.0971786
435,23,2,0,4,15.8,9.36,0.74387664,0.73500336
2977,33,1,17,13,76.4,7.18,3.52718936,1.95833064
3777,22,4,0,0,20.4,8.11,0.2233494,1.4310906
3440,44,3,14,13,89.5,5.77,3.50645785,1.65769215
146,24,1,7,2,16.7,2.42,0.08325284,0.32088716
3655,53,1,15,30,36.3,18.6,3.1193316,3.6324684
4043,45,3,22,6,116.5,4.67,1.03914505,4.40140495
411,34,2,1,2,26.3,4.94,0.76783902,0.53138098
4272,55,2,20,26,255.3,1.6,0.5882112,3.4965888
1084,29,2,8,7,54.0,20.8,2.63952,8.59248
3559,44,1,27,1,100.5,8.95,2.338635,6.656115
267,26,3,1,7,23.6,3.97,0.23610384,0.70081616
532,44,1,25,22,112.5,5.79,0.234495,6.279255
3156,32,1,4,5,25.0,21.95,3.2540875,2.2334125
648,55,1,13,27,59.8,12.01,3.54071614,3.64126386
2988,26,1,0,7,17.3,9.31,0.73283665,0.87779335
2316,30,3,2,5,34.5,8.0,0.83628,1.92372
2360,20,1,2,1,25.7,9.35,0.72328795,1.67966205
4076,38,2,9,18,76.8,15.67,7.11242496,4.92213504
3409,45,1,4,16,31.2,8.74,0.78806832,1.93881168
4506,40,1,3,9,24.2,6.77,0.13598222,1.50235778
2964,41,1,25,20,104.9,14.59,7.13208806,8.17282194
2626,26,1,2,2,20.8,12.23,0.60797776,1.93586224
978,55,1,27,17,143.9,8.14,1.3470479,10.3664121
1860,38,2,14,7,34.4,4.64,0.16600064,1.43015936
2971,47,1,9,9,19.3,5.24,0.79085224,0.22046776
4102,36,2,2,8,33.0,16.4,3.203904,2.208096
4217,48,1,12,14,24.3,8.47,0.31696434,1.74124566
2074,39,1,15,19,41.8,3.34,0.57520144,0.82091856
1543,44,1,5,11,24.1,1.55,0.06611835,0.30743165
398,45,2,11,17,76.1,1.95,0.712296,0.771654
1969,38,4,7,5,44.2,18.71,2.45613654,5.81368346
2641,29,1,4,10,23.3,9.6,1.6261536,0.6106464
1769,37,2,2,9,24.0,8.51,1.0906416,0.9517584
3041,32,1,10,3,30.9,15.6,1.3882752,3.4321248
3838,29,1,11,5,46.1,23.55,0.96623295,9.89031705
4454,49,1,20,7,66.5,8.92,1.4058366,4.5259634
211,24,1,6,0,15.3,5.79,0.33928821,0.54658179
1792,25,1,6,4,22.2,7.04,0.23286912,1.33001088
1383,36,1,0,5,15.8,17.96,1.13790968,1.69977032
2475,26,2,5,3,27.6,11.38,1.32859224,1.81228776
1900,42,1,13,11,91.8,5.33,1.33087968,3.56206032
3033,41,1,13,9,30.7,9.38,0.82358276,2.05607724
2195,30,1,10,2,25.6,10.18,0.16678912,2.43929088
3254,33,1,16,13,42.9,1.92,0.24216192,0.58151808
1336,34,1,3,10,14.4,10.09,0.4940064,0.9589536
1173,41,2,2,13,22.7,9.6,0.98064,1.19856
4834,24,3,2,4,34.7,15.17,4.03748033,1.22650967
4608,29,2,3,0,40.3,1.64,0.19893692,0.46198308
827,25,2,1,6,34.7,9.78,1.29637812,2.09728188
2755,34,1,15,8,23.9,5.38,0.53104366,0.75477634
1665,37,1,11,1,32.9,6.5,0.816907,1.321593
4426,33,1,7,4,31.8,9.68,0.75724704,2.32099296
2078,40,4,15,20,149.8,27.82,29.25540072,12.41895928
3022,46,2,27,13,143.3,2.44,0.88461956,2.61190044
1166,36,1,4,13,27.3,7.94,0.58742502,1.58019498
3955,31,1,13,3,39.2,7.16,0.62870528,2.17801472
716,26,4,1,3,17.5,3.77,0.34307,0.31668
75,34,2,15,14,57.6,2.89,0.47775168,1.18688832
1956,48,2,11,10,34.7,19.37,1.24345715,5.47793285
2011,35,2,0,14,30.9,14.6,0.338355,4.173045
1037,32,4,7,3,93.9,4.46,2.25311172,1.93482828
1494,31,1,1,11,25.2,10.34,0.66184272,1.94383728
4640,42,2,4,20,36.0,8.31,0.5474628,2.4441372
2307,32,1,5,4,56.0,18.17,5.3521552,4.8230448
4732,33,1,1,11,19.4,7.19,0.50075474,0.89410526
3307,43,4,10,13,48.9,8.35,1.67817465,2.40497535
1977,33,3,3,13,70.8,4.6,1.416708,1.840092
3670,25,2,5,1,37.3,22.64,1.9422856,6.5024344
1477,27,3,3,5,21.9,8.8,0.8344776,1.0927224
12,37,2,17,10,78.3,25.44,7.09134912,12.82817088
3455,50,3,19,7,97.6,4.78,1.97341344,2.69186656
3095,44,3,19,17,172.8,0.54,0.53934336,0.39377664
193,28,2,7,2,20.8,7.86,0.68011008,0.95476992
967,36,1,12,17,42.4,30.2,3.3420528,9.4627472
2706,32,1,3,12,25.8,2.27,0.03572526,0.54993474
4729,24,1,6,5,21.5,3.15,0.13612725,0.54112275
3961,27,1,7,3,22.9,1.29,0.05730954,0.23810046
299,43,1,17,0,65.2,16.71,6.60232152,4.29259848
689,37,3,7,5,65.7,3.11,1.60192368,0.44134632
1421,48,2,18,29,100.1,23.37,10.5270165,12.8663535
4824,34,1,16,0,86.0,9.87,3.6584142,4.8297858
4685,42,1,19,6,44.3,13.09,2.67907794,3.11979206
1874,36,1,3,15,14.8,5.49,0.18200448,0.63051552
3487,33,1,15,6,71.0,11.21,4.2819958,3.6771042
972,40,1,12,0,80.0,7.59,4.323264,1.748736
1603,25,1,8,1,28.1,12.01,0.02362367,3.35118633
923,35,3,6,16,38.8,16.41,2.20300968,4.16407032
2502,32,1,3,0,16.9,14.42,0.98941388,1.44756612
2524,26,1,5,3,26.3,24.29,1.9803637,4.4079063
3686,27,1,7,7,27.7,11.01,0.83868675,2.21108325
4054,27,1,9,8,16.4,7.95,0.7249128,0.5788872
3247,23,2,2,3,24.9,5.26,0.3536298,0.9561102
798,25,2,5,0,54.5,5.02,0.4568953,2.2790047
2798,51,3,18,25,72.8,4.66,0.75313056,2.63934944
757,36,1,2,12,32.6,14.78,2.23086364,2.58741636
4845,31,1,4,8,22.5,6.84,0.455544,1.083456
2811,49,2,16,6,79.7,16.95,2.3776104,11.1315396
1184,26,1,6,5,21.9,0.89,0.02962632,0.16528368
3521,41,2,7,0,40.5,17.53,1.5761223,5.5235277
3757,29,1,3,8,26.7,6.31,0.44814882,1.23662118
2952,26,1,2,0,24.8,7.5,0.78492,1.07508
287,27,2,8,7,23.2,11.93,0.51757112,2.25018888
2851,37,2,12,5,44.0,2.06,0.3815944,0.5248056
2053,34,1,16,6,82.9,1.95,0.56094285,1.05560715
4696,30,1,9,7,35.3,10.68,2.45429604,1.31574396
2845,36,2,13,17,30.7,6.88,0.633648,1.478512
4622,21,3,0,1,23.9,14.68,1.03852192,2.46999808
1483,39,3,8,14,41.1,8.14,1.30141506,2.04412494
3344,41,1,21,7,56.6,7.32,1.74839664,2.39472336
1724,49,2,30,8,96.6,15.12,3.40317936,11.20274064
3707,45,2,24,11,49.0,16.99,2.4892049,5.8358951
3717,32,2,9,0,34.1,3.68,0.32250416,0.93237584
940,44,5,6,15,24.7,3.48,0.03610152,0.82345848
2787,28,1,5,0,35.9,17.82,1.64412666,4.75325334
393,26,4,1,5,34.4,8.39,1.876004,1.010156
1730,26,4,3,2,41.1,7.03,0.51141141,2.37791859
3472,23,1,2,1,20.6,7.52,0.19983648,1.34928352
2733,31,1,5,3,22.5,12.51,0.3208815,2.4938685
655,30,3,2,4,25.9,4.87,0.27875393,0.98257607
3437,30,1,5,2,22.6,18.19,2.47067494,1.64026506
4211,32,1,6,13,17.7,10.47,0.66529521,1.18789479
4120,29,1,7,6,23.3,9.64,1.10733716,1.13878284
3651,42,1,18,0,46.4,3.72,0.98041344,0.74566656
1267,28,2,4,5,23.3,12.49,1.28629514,1.62387486
3648,39,1,14,0,56.6,19.75,1.542633,9.635867
235,25,3,1,1,16.1,2.03,0.12354174,0.20328826
4196,25,2,4,6,29.9,3.18,0.42977064,0.52104936
2347,30,2,10,4,47.2,26.34,3.08325504,9.34922496
3758,42,1,25,5,132.2,10.02,0.54310404,12.70333596
3662,28,3,1,5,19.8,11.82,0.69742728,1.64293272
3682,27,1,11,0,25.0,12.43,1.2461075,1.8613925
343,31,4,1,6,36.4,3.46,0.346346,0.913094
1918,31,2,9,7,42.5,6.08,1.229984,1.354016
1782,28,1,3,9,27.1,3.92,0.106232,0.956088
1264,28,1,11,8,27.3,14.3,0.6090084,3.2948916
1201,30,2,6,0,25.1,30.74,2.53847846,5.17726154
3393,34,1,3,9,19.8,25.29,1.68249312,3.32492688
502,39,1,5,11,33.6,10.67,1.38385632,2.20126368
607,39,2,9,12,38.3,6.65,1.72428515,0.82266485
3748,27,1,0,7,17.5,11.59,0.63889875,1.38935125
1207,35,1,1,16,20.9,18.14,1.01984894,2.77141106
695,28,2,5,6,22.5,8.73,0.13160475,1.83264525
3223,31,1,3,8,16.2,11.65,0.3283902,1.5589098
3019,20,1,2,1,15.2,4.66,0.4037424,0.3045776
1609,29,1,1,6,19.6,7.79,0.50538404,1.02145596
743,48,1,12,20,39.8,19.25,2.129897,5.531603
3232,28,2,4,3,25.0,8.22,0.23427,1.82073
960,32,3,10,1,63.7,18.08,4.2036904,7.3132696
2311,40,3,7,15,218.7,14.72,8.33789376,23.85474624
314,39,1,15,5,43.0,7.26,1.123848,1.997952
1032,38,2,2,13,29.4,9.01,0.96951204,1.67942796
1486,23,1,1,1,18.3,42.26,4.66334874,3.07023126
1230,29,1,7,3,19.8,14.26,1.34962344,1.47385656
918,29,2,9,0,31.4,8.18,1.43580268,1.13271732
560,43,1,16,15,52.4,12.89,2.25595624,4.49840376
2978,32,2,9,8,50.0,21.82,2.33474,8.57526
3081,36,1,2,1,59.1,2.41,0.08260998,1.34170002
2036,45,3,0,12,20.9,10.6,0.7665284,1.4488716
747,33,1,10,1,31.9,6.48,0.81237816,1.25474184
4461,26,2,0,4,21.8,9.32,0.55467048,1.47708952
656,30,2,1,4,22.6,4.76,0.26894,0.80682
3931,45,2,20,16,117.4,7.24,2.15043928,6.34932072
3902,46,1,1,23,21.8,7.64,1.2324848,0.4330352
2735,48,3,6,25,30.9,6.11,0.78162786,1.10636214
1920,34,3,11,15,70.7,12.55,3.9750368,4.8978132
663,41,2,4,13,29.1,17.51,2.1910263,2.9043837
1739,27,1,4,4,23.6,17.52,0.7649232,3.3697968
4367,25,1,2,1,23.8,9.03,1.5366351,0.6125049
3390,39,2,15,17,76.0,7.34,3.3079912,2.2704088
4192,34,2,15,11,40.5,10.25,1.94693625,2.20431375
660,45,1,7,3,19.1,20.4,1.4104968,2.4859032
2343,26,1,7,4,28.5,16.76,1.2801288,3.4964712
4985,29,1,3,1,25.6,6.5,0.950144,0.713856
3714,24,2,1,2,26.4,6.58,0.70527072,1.03184928
4795,38,4,4,9,62.6,11.78,3.05295192,4.32132808
2398,46,1,2,20,23.6,12.67,0.66081652,2.32930348
2422,23,4,0,3,28.2,6.28,0.64994232,1.12101768
1822,50,2,30,9,234.1,6.65,9.07593995,6.49171005
1345,25,2,4,2,29.1,14.48,1.46214696,2.75153304
668,41,1,3,12,22.1,1.24,0.12167376,0.15236624
4688,45,1,0,23,27.3,10.03,0.27108081,2.46710919
3511,39,1,6,5,34.0,7.5,0.1428,2.4072
4463,33,1,0,8,25.1,11.13,1.35211692,1.44151308
4878,36,1,0,13,19.1,1.64,0.05105812,0.26218188
4155,43,1,25,20,119.9,13.8,4.1696424,12.3765576
270,33,2,11,9,29.9,14.13,1.41110658,2.81376342
1957,21,1,1,1,15.0,13.71,0.3064185,1.7500815
2341,31,2,4,2,27.0,6.91,1.0317321,0.8339679
4089,24,2,3,1,32.3,4.72,0.54274336,0.98181664
4170,42,1,9,21,21.1,3.55,0.3565478,0.3925022
1927,40,1,22,7,57.6,5.69,1.60266816,1.67477184
1762,41,1,20,19,62.3,2.85,0.0816753,1.6938747
413,29,1,4,4,18.6,3.77,0.13253058,0.56868942
1351,26,1,9,7,25.4,4.97,0.87482934,0.38755066
2429,28,2,6,8,28.8,4.55,0.4992624,0.8111376
2390,38,2,10,18,38.2,8.66,1.65406,1.65406
2530,37,2,9,13,74.4,15.23,2.84411112,8.48700888
3927,41,3,16,13,22.5,5.53,0.54622575,0.69802425
2968,42,1,5,4,22.8,5.43,0.3528414,0.8851986
2754,35,1,10,11,20.0,13.02,1.507716,1.096284
3964,29,1,0,2,20.3,14.39,0.33593455,2.58523545
4664,34,1,2,0,16.3,15.02,0.09058562,2.35767438
2286,43,1,8,18,28.5,8.13,0.8248698,1.4921802
36,33,2,11,4,45.7,6.4,1.6349632,1.2898368
2333,43,3,16,22,104.0,10.51,6.0335808,4.8968192
2400,43,2,11,19,36.9,13.29,2.97183006,1.93217994
4399,42,1,12,16,45.9,30.03,3.23918595,10.54458405
2276,38,1,12,13,45.3,10.58,1.21256322,3.58017678
1634,36,2,9,5,28.1,5.34,0.18306588,1.31747412
3360,27,2,2,7,41.6,7.6,0.695552,2.466048
3546,39,1,0,7,20.5,9.37,0.9834752,0.9373748
2990,40,4,4,5,33.8,19.17,3.46003164,3.01942836
3941,40,2,20,1,140.1,13.52,7.72814016,11.21337984
1355,36,1,18,15,43.8,16.81,1.55354658,5.80923342
3070,24,1,5,4,35.6,1.92,0.24128256,0.44223744
2473,41,2,0,17,17.5,10.66,0.5913635,1.2741365
2761,50,1,8,30,53.5,8.42,0.6712003,3.8334997
174,24,1,5,3,18.0,6.27,0.028215,1.100385
3297,54,1,35,5,144.4,13.35,7.518186,11.759214
2155,30,1,13,1,38.6,4.57,0.74794448,1.01607552
294,41,1,13,21,58.0,23.77,5.6111462,8.1754538
2045,45,1,17,18,58.0,12.94,4.6006876,2.9045124
2384,42,1,8,4,37.0,11.31,1.5608931,2.6238069
3351,39,3,17,1,172.7,4.61,2.5476704,5.4137996
3399,26,1,7,3,22.4,9.62,0.27582464,1.87905536
4118,47,1,10,9,48.3,18.2,3.5074494,5.2831506
1901,45,4,13,26,145.2,2.22,1.01216016,2.21127984
1429,43,1,18,9,47.9,9.82,2.02732918,2.67645082
4451,24,2,2,2,21.2,11.05,1.1619296,1.1806704
1178,43,2,18,5,106.1,0.98,0.38055948,0.65922052
1187,47,2,6,18,78.1,18.21,5.43280782,8.78920218
3549,30,1,8,9,21.1,7.12,0.25990136,1.24241864
4208,39,2,1,5,48.8,18.43,0.674538,8.319302
4560,40,2,20,14,107.5,9.25,1.32251875,8.62123125
4579,39,2,11,0,37.9,9.98,0.23451004,3.54790996
2796,32,3,9,5,19.6,7.59,0.15917748,1.32846252
2170,47,2,14,2,61.1,26.09,2.80561424,13.13537576
3743,27,1,1,1,22.2,5.21,0.1503606,1.0062594
762,51,1,11,2,34.9,3.83,0.58011478,0.75655522
2536,31,1,4,2,20.9,18.09,2.47643055,1.30437945
4031,27,2,3,4,25.8,9.04,1.90317312,0.42914688
4922,38,3,6,4,83.7,9.21,1.93490127,5.77386873
1369,30,2,4,9,21.0,20.78,1.3833246,2.9804754
2406,43,2,7,0,42.9,6.69,1.07338374,1.79662626
2705,47,1,3,18,23.3,7.45,0.4270191,1.3088309
1990,39,1,3,14,25.1,3.61,0.24283748,0.66327252
3888,38,2,2,13,46.8,14.54,2.73549744,4.06922256
2420,49,1,29,18,120.6,4.25,0.7636995,4.3618005
3518,42,2,19,2,91.0,6.49,1.9016998,4.0042002
839,26,5,0,0,25.9,9.25,0.75945275,1.63629725
2042,44,1,13,6,49.7,14.32,3.17419984,3.94284016
4232,30,1,5,9,45.2,17.91,3.9667068,4.1286132
1841,37,3,9,0,47.5,19.39,3.352531,5.857719
1307,42,1,12,17,41.4,6.95,1.0099323,1.8673677
1118,28,1,3,4,28.7,18.71,2.98559212,2.38417788
928,28,1,2,0,17.6,20.41,2.24150784,1.35065216
4668,44,1,26,15,110.5,30.27,5.1510459,28.2973041
2899,44,2,14,15,29.5,8.2,0.582979,1.836021
3826,30,1,1,8,19.4,5.45,0.370055,0.687245
1433,25,3,3,2,24.7,4.71,0.63869013,0.52467987
3640,43,2,16,9,127.2,5.28,1.96783488,4.74832512
308,31,1,8,3,34.9,7.61,0.96143218,1.69445782
4180,42,1,19,23,50.0,3.17,0.46282,1.12218
4038,31,3,8,1,21.8,7.9,0.9489322,0.7732678
4554,44,2,21,25,106.3,3.12,1.741194,1.575366
4746,36,3,10,6,89.6,10.31,3.10388736,6.13387264
736,24,2,2,3,23.9,1.29,0.18529431,0.12301569
4798,24,1,8,0,21.6,10.11,0.14631192,2.03744808
4699,31,3,9,6,77.7,8.7,3.7652643,2.9946357
1478,23,2,0,1,21.4,1.33,0.128079,0.156541
4719,24,2,5,3,34.0,12.26,0.687786,3.480614
1549,37,1,13,10,46.0,4.0,0.5428,1.2972
2870,45,1,1,22,28.4,5.4,0.2975184,1.2360816
4285,26,1,0,5,24.6,4.39,0.50325204,0.57668796
3766,31,4,0,3,20.2,24.87,1.42171842,3.60202158
4607,35,1,19,7,101.3,10.62,4.303224,6.454836
120,45,3,2,5,28.3,7.34,0.40713512,1.67008488
1923,53,1,36,8,228.6,13.75,9.6497775,21.7827225
1539,27,3,5,7,51.6,6.42,0.81492912,2.49779088
2827,33,5,7,13,32.2,3.46,0.14037912,0.97374088
1310,36,3,9,2,35.5,3.7,0.3559585,0.9575415
2684,53,1,27,26,103.6,9.06,1.33283472,8.05332528
395,40,1,17,8,53.8,14.68,3.86204376,4.03579624
4373,46,3,8,12,90.5,1.76,1.2312344,0.3615656
2163,36,2,14,15,73.3,11.49,1.45703541,6.96513459
1798,32,4,4,4,42.3,3.74,0.68976072,0.89225928
2062,41,2,21,9,114.3,8.05,2.86155765,6.33959235
3784,45,4,8,3,99.8,20.63,3.82950564,16.75923436
4070,46,3,10,22,88.4,4.46,1.39569456,2.54694544
810,29,2,6,9,30.5,10.08,1.3865544,1.6878456
921,23,1,7,2,31.1,5.04,0.3291624,1.2382776
1974,49,2,15,15,56.3,4.05,0.55407645,1.72607355
129,25,1,1,0,16.6,8.12,0.58499728,0.76292272
4309,51,3,22,21,123.3,17.57,5.45928012,16.20452988
4304,32,1,1,1,20.3,26.94,0.6289143,4.8399057
3004,35,1,19,12,68.8,10.46,1.01470368,6.18177632
2145,26,1,2,7,19.4,25.7,2.7621332,2.2236668
4238,47,1,30,17,204.7,6.03,2.06134947,10.28206053
4414,24,3,2,0,19.6,15.97,1.956325,1.173795
1935,35,2,10,15,22.1,17.48,1.74224908,2.12083092
1959,43,1,4,18,29.5,5.67,0.66404205,1.00860795
3626,23,1,1,1,23.5,3.32,0.4462744,0.3339256
3405,41,4,3,11,61.6,9.24,1.17821088,4.51362912
2428,29,1,7,9,28.0,8.41,0.7346976,1.6201024
1751,31,2,11,4,39.5,11.85,1.6944315,2.9863185
4250,47,3,17,24,154.3,13.25,6.6649885,13.7797615
3601,29,2,0,1,25.1,15.43,0.84429874,3.02863126
3465,31,2,9,12,74.4,6.35,2.1118068,2.6125932
3737,53,1,24,29,82.7,13.5,4.2536745,6.9108255
423,32,2,2,13,27.0,8.32,0.6042816,1.6421184
371,46,1,6,19,24.0,2.91,0.2674872,0.4309128
1029,45,1,9,25,26.2,16.25,1.78815,2.46935
1333,26,1,7,5,20.2,16.39,2.23146572,1.07931428
2771,26,1,9,2,31.5,17.97,3.7019997,1.9585503
4694,29,3,3,10,31.4,20.95,3.6970046,2.8812954
1572,44,1,7,20,27.5,13.79,1.7065125,2.0857375
3193,33,1,6,5,21.8,10.18,0.45716344,1.76207656
194,32,1,4,6,29.1,16.73,1.03210716,3.83632284
691,26,1,8,3,24.6,12.4,1.509948,1.540452
3547,33,1,17,3,53.1,22.25,3.29631525,8.51843475
724,35,1,2,6,29.7,2.54,0.40434768,0.35003232
1124,43,2,3,5,18.6,15.58,0.93021948,1.96766052
1825,37,1,8,10,46.7,0.99,0.36154206,0.10078794
2770,37,1,7,8,38.4,1.07,0.14832768,0.26255232
2838,34,3,9,11,26.1,4.48,0.66181248,0.50746752
3829,27,1,6,4,25.4,20.62,3.67671096,1.56076904
786,35,3,12,8,110.0,4.76,1.591744,3.644256
1732,38,1,16,3,44.8,24.0,3.354624,7.397376
4933,33,4,10,4,82.9,17.14,3.6233103,10.5857497
1678,25,4,2,0,25.7,5.44,0.55503776,0.84304224
856,43,1,24,22,76.9,1.83,0.59668248,0.81058752
2568,23,3,0,4,21.0,2.67,0.1255968,0.4351032
2072,25,1,2,6,18.1,27.02,1.27645182,3.61416818
1671,36,1,5,16,26.3,15.49,1.11216651,2.96170349
4020,24,1,6,2,26.0,22.74,1.832844,4.079556
3433,35,2,9,14,36.3,17.32,1.0688172,5.2183428
1672,29,2,9,5,34.8,9.54,0.68390352,2.63601648
2232,30,1,4,3,28.5,13.13,0.26568555,3.47636445
4788,23,2,4,2,36.6,4.91,0.39175908,1.40530092
4134,21,1,0,0,17.5,4.89,0.23875425,0.61699575
4514,31,3,4,11,64.4,18.82,3.636024,8.484056
846,32,2,5,10,34.5,3.56,0.3168756,0.9113244
3621,25,1,8,0,35.8,16.78,1.00320908,5.00403092
3956,35,1,5,5,25.8,15.68,2.9531712,1.0922688
6,45,1,0,13,28.1,4.28,0.92486092,0.27781908
2926,35,1,6,4,31.5,4.39,0.0221256,1.3607244
2267,49,1,7,8,36.8,24.87,3.889668,5.262492
3432,38,1,17,12,70.5,6.21,0.6391953,3.7388547
2387,52,2,15,22,48.8,26.46,2.0659968,10.8464832
2441,30,2,7,3,24.4,15.82,0.9457196,2.9143604
4991,41,1,8,16,31.4,3.0,0.043332,0.898668
536,37,1,5,10,21.0,11.83,0.2683044,2.2159956
801,29,1,1,7,23.4,3.92,0.08347248,0.83380752
1317,31,3,8,8,25.8,9.71,0.14279526,2.36238474
3863,36,2,0,16,17.2,9.88,0.17503408,1.52432592
3343,32,1,11,3,54.4,4.22,0.8723584,1.4233216
4432,39,3,14,2,71.7,3.88,0.33105324,2.45090676
2372,53,1,35,25,175.6,3.0,1.490844,3.777156
4501,35,2,3,15,34.8,5.98,0.4994496,1.5815904
3850,37,3,9,10,57.5,7.13,1.47591,2.62384
2008,25,3,0,4,19.0,15.75,0.6014925,2.3910075
3701,33,1,9,12,32.3,10.65,0.5297523,2.9101977
3713,30,4,6,2,64.3,2.71,0.60117285,1.14135715
3017,40,1,9,4,33.5,3.34,0.3211243,0.7977757
3484,37,4,1,15,25.9,2.37,0.32778522,0.28604478
4015,24,2,2,0,16.2,18.72,1.71950688,1.31313312
1844,45,1,28,6,136.0,17.35,11.68002,11.91598
4458,29,2,1,3,25.5,2.53,0.21999615,0.42515385
3121,43,1,4,1,18.9,13.86,0.392931,2.226609
481,42,2,14,4,92.4,6.63,3.36323988,2.76288012
2801,21,3,0,2,22.0,11.32,0.908996,1.581404
4544,26,1,2,1,27.4,8.94,0.55849968,1.89106032
4720,40,2,6,11,36.4,11.69,1.92758748,2.32757252
3857,26,1,0,0,20.4,10.84,0.28526544,1.92609456
144,34,3,12,14,94.7,17.41,1.4838543,15.0034157
886,31,1,3,10,36.6,19.39,1.81676544,5.27997456
2734,39,1,3,12,27.5,10.49,0.7096485,2.1751015
2079,30,2,5,9,66.6,11.02,1.31373828,6.02558172
385,48,3,25,5,152.8,12.03,7.1689176,11.2129224
281,34,3,2,14,17.7,6.81,0.49661244,0.70875756
635,38,2,10,6,63.2,6.99,0.61405752,3.80362248
282,36,4,12,11,52.8,21.91,2.3715384,9.1969416
3064,41,1,13,13,41.6,4.19,0.54382848,1.19921152
1703,35,1,7,11,22.3,10.24,0.97734656,1.30617344
4896,40,2,3,5,36.4,3.33,0.08121204,1.13090796
4941,41,2,6,10,29.0,3.62,0.325438,0.724362
13,44,1,8,15,77.8,10.55,3.611476,4.596424
2483,42,3,7,13,34.7,11.37,1.56631983,2.37907017
157,31,1,11,8,32.1,9.18,0.18270036,2.76407964
3718,22,3,0,0,26.4,10.74,1.94505696,0.89030304
101,33,1,3,14,24.1,1.96,0.17052196,0.30183804
3749,40,1,24,17,76.8,3.94,0.87449088,2.15142912
3825,26,1,9,3,41.9,4.45,0.52020945,1.34434055
3009,40,1,2,5,29.4,4.58,0.3972234,0.9492966
1944,33,1,14,0,51.3,19.81,5.93491752,4.22761248
306,31,1,11,6,32.6,4.88,0.40885616,1.18202384
2763,33,1,3,4,19.5,1.79,0.0495651,0.2994849
4716,51,1,26,8,86.6,14.52,7.544592,5.029728
3595,24,1,3,5,20.8,11.86,1.63307456,0.83380544
4513,29,1,11,3,32.7,13.47,1.09676781,3.30792219
4670,34,2,12,11,19.1,7.75,0.52548875,0.95476125
1075,24,3,0,0,21.7,15.21,0.98026929,2.32030071
4712,39,3,6,1,60.4,6.19,0.20937056,3.52938944
1501,27,2,8,3,27.9,16.4,2.2557708,2.3198292
414,31,1,7,12,36.6,16.1,2.3629326,3.5296674
2162,31,1,0,7,18.1,14.17,0.93357628,1.63119372
2300,24,2,0,4,18.9,6.54,0.36216558,0.87389442
2382,35,5,0,3,34.2,4.38,0.74298816,0.75497184
95,40,1,10,15,40.8,17.92,3.04152576,4.26983424
2127,37,2,18,13,44.8,7.82,1.17012224,2.33323776
2033,28,4,3,0,71.7,6.15,1.1288448,3.2807052
582,42,1,19,21,71.3,5.18,1.33698908,2.35635092
3158,34,2,0,3,27.3,13.64,1.12456344,2.59915656
4914,33,1,17,6,88.7,8.54,0.81809784,6.75688216
2035,28,4,3,9,73.5,4.44,1.1552436,2.1081564
3395,44,2,23,16,121.5,17.8,2.833137,18.793863
3174,30,1,6,8,39.9,4.51,0.24473064,1.55475936
4679,24,1,6,4,23.3,3.26,0.22331652,0.53626348
460,33,4,8,10,45.0,2.87,0.415863,0.875637
4765,29,1,7,4,35.5,9.32,0.6087824,2.6998176
1788,27,1,5,2,25.4,22.73,1.09117638,4.68224362
4804,31,1,1,10,25.1,19.31,1.62852816,3.21828184
4436,35,1,6,1,29.3,4.73,0.7760984,0.6097916
2385,34,1,17,13,40.9,6.86,0.74632684,2.05941316
4408,40,4,6,4,17.4,6.64,0.6585552,0.4968048
3920,31,2,12,3,58.8,8.42,1.83680616,3.11415384
1055,40,2,17,15,108.1,19.11,2.78881785,17.86909215
653,25,2,1,4,17.4,9.36,1.30616928,0.32247072
949,32,4,7,0,42.5,1.67,0.167501,0.542249
1042,43,4,9,4,304.4,9.31,11.1941578,17.1454822
2958,41,3,1,5,17.4,14.33,1.20432186,1.28909814
1530,45,3,6,0,50.9,16.17,0.56790657,7.66262343
2679,36,1,13,11,42.0,2.7,0.343602,0.790398
2739,25,1,2,4,32.2,13.89,1.82034006,2.65223994
771,38,4,13,1,76.2,24.1,9.6228408,8.7413592
1726,32,2,6,9,43.3,15.11,0.22899205,6.31363795
4091,56,1,31,21,154.5,17.54,17.3164527,9.7828473
710,33,3,0,11,32.3,20.99,0.8135724,5.9661976
4406,40,2,4,13,21.6,10.77,0.5350536,1.7912664
2027,34,1,6,9,22.6,4.54,0.28421308,0.74182692
1619,42,1,21,22,61.4,1.6,0.2249696,0.7574304
2260,27,3,5,2,31.5,11.98,0.3320856,3.4416144
1611,36,3,9,0,63.9,1.67,0.53996778,0.52716222
1195,45,3,6,13,51.3,19.6,6.585894,3.468906
1491,31,3,6,9,109.4,10.84,4.43525104,7.42370896
3791,34,1,13,8,47.1,12.08,2.41242432,3.27725568
537,35,3,11,5,56.6,30.21,2.8213119,14.2775481
2054,47,1,4,25,32.3,8.17,0.38791977,2.25099023
3308,44,1,4,21,28.9,13.24,0.97189544,2.85446456
4642,24,2,0,4,17.4,11.01,1.19350602,0.72223398
268,25,2,5,4,15.9,4.02,0.44039502,0.19878498
3683,38,2,18,15,178.4,6.66,3.8020608,8.0793792
1626,23,1,5,3,25.8,6.75,0.2142045,1.5272955
3083,51,2,7,4,46.1,26.91,7.20760131,5.19790869
2303,39,1,0,4,19.6,19.23,2.7137376,1.0553424
4960,46,3,10,24,31.7,6.17,1.06204827,0.89384173
2391,44,1,5,11,22.1,24.72,1.09808712,4.36503288
2293,25,3,4,0,18.3,11.65,0.6651684,1.4667816
1220,26,1,1,1,30.8,8.72,0.73321248,1.95254752
4935,33,1,5,3,28.0,9.17,1.02704,1.54056
2975,23,2,4,3,28.0,15.02,1.3121472,2.8934528
1277,30,1,0,0,20.3,7.86,0.718011,0.877569
3473,22,1,2,1,21.1,2.94,0.2543394,0.3660006
260,30,2,6,6,28.9,14.24,0.79837984,3.31698016
3906,28,2,0,6,21.8,7.56,0.68724936,0.96083064
2217,42,1,8,22,42.6,7.57,0.39987768,2.82494232
4476,22,2,2,1,23.4,10.37,0.39553254,2.03104746
4982,33,4,4,11,85.7,6.35,0.9686671,4.4732829
2235,41,2,9,8,68.5,18.51,4.0320333,8.6473167
4815,32,3,9,0,92.1,10.44,3.10572252,6.50951748
1818,27,3,5,8,18.4,2.35,0.1781488,0.2542512
317,36,4,11,14,64.9,16.8,7.3705632,3.5326368
3137,25,4,0,0,75.0,7.64,1.51845,4.21155
1566,28,1,8,9,31.5,17.51,2.1511035,3.3645465
1439,21,1,3,0,14.4,9.6,0.3165696,1.0658304
2790,45,2,16,11,48.7,15.65,0.7926412,6.8289088
651,48,2,12,11,56.7,14.51,5.11729974,3.10987026
1223,29,2,7,6,35.9,9.35,0.40615465,2.95049535
1111,36,1,10,16,30.2,19.84,0.60515968,5.38652032
2332,50,1,27,23,107.8,3.66,0.20121948,3.74426052
539,44,3,11,18,67.6,17.39,4.45538756,7.30025244
3488,50,3,23,25,72.7,10.85,0.4890529,7.3988971
116,31,3,9,9,29.1,11.22,1.1754072,2.0896128
2463,43,1,11,6,75.5,3.46,1.2930885,1.3192115
2381,45,3,24,23,59.6,13.44,0.40852224,7.60171776
3527,33,1,14,5,42.9,5.5,0.570999,1.788501
2632,44,1,7,9,33.7,9.67,0.4562306,2.8025594
2339,35,3,4,3,37.5,13.76,3.45204,1.70796
4913,21,1,4,2,17.4,9.22,0.67540188,0.92887812
1755,33,1,3,8,26.8,4.12,0.19764464,0.90651536
3177,46,1,30,10,152.9,3.65,3.56616315,2.01468685
3700,24,3,0,5,17.9,11.93,0.38865554,1.74681446
2478,50,1,12,13,41.5,14.47,1.24304535,4.76200465
2588,31,1,15,11,42.5,6.92,0.767601,2.173399
4894,41,1,22,7,52.3,3.87,1.17190179,0.85210821
618,28,2,1,4,16.0,7.73,0.1632576,1.0735424
2335,37,1,11,6,40.0,4.95,1.23156,0.74844
4952,42,1,25,9,79.1,7.37,2.32020866,3.50946134
3539,45,1,26,18,76.4,11.21,0.39396424,8.17047576
2777,29,3,2,0,16.5,17.95,1.563804,1.397946
2912,38,1,15,13,90.8,8.78,1.89739312,6.07484688
106,43,2,1,1,54.2,5.9,1.454999,1.742801
1965,38,2,8,4,28.8,2.84,0.28381824,0.53410176
2056,28,3,3,2,40.6,4.6,0.6592628,1.2083372
1186,28,1,9,2,33.9,13.96,1.08372876,3.64871124
1812,23,1,4,2,16.5,17.82,0.9614781,1.9788219
3030,33,1,2,9,15.7,12.24,0.78404544,1.13763456
374,44,2,18,4,247.0,5.32,2.0236216,11.1167784
1062,25,1,2,3,25.0,6.85,0.2380375,1.4744625
1601,34,3,11,15,83.8,23.71,6.41768054,13.45129946
2452,34,1,7,6,27.3,2.04,0.06905808,0.48786192
2060,47,4,6,10,34.0,23.2,0.954448,6.933552
2981,31,2,7,2,34.0,11.47,1.3220322,2.5777678
845,37,2,7,18,125.1,4.76,4.09687488,1.85788512
3224,42,1,2,8,28.5,3.74,0.0703494,0.9955506
4382,43,2,11,24,66.6,8.23,1.05786774,4.42331226
2832,49,2,25,27,153.3,4.58,2.47144128,4.54969872
1648,23,1,1,3,14.5,5.07,0.2146638,0.5204862
841,29,1,4,6,26.6,12.13,0.72275392,2.50382608
1708,37,3,3,6,34.6,15.13,2.28245128,2.95252872
2644,38,2,12,6,30.3,9.07,1.4565513,1.2916587
4098,28,1,0,0,15.5,7.72,0.3147058,0.8818942
1211,28,5,0,8,59.6,19.17,3.427596,7.997724
833,22,1,1,0,16.3,12.23,0.97481661,1.01867339
2314,43,2,12,3,33.3,11.18,0.6701292,3.0528108
113,42,2,21,11,103.6,9.66,0.24018624,9.76757376
813,34,2,1,8,34.8,13.14,0.53043552,4.04228448
3772,31,3,5,3,50.5,4.7,1.552269,0.821231
338,37,2,2,14,26.3,42.09,3.5422944,7.5273756
799,36,1,13,9,57.1,6.91,1.7755245,2.1700855
2396,26,1,4,7,26.1,26.09,0.22471317,6.58477683
498,45,1,21,21,58.9,17.55,0.9509994,9.3859506
4005,34,2,7,1,39.9,15.3,1.9657134,4.1389866
3500,44,2,18,22,91.3,5.43,1.71532614,3.24226386
4769,40,4,13,12,46.9,1.92,0.5943168,0.3061632
805,41,4,11,16,70.4,13.58,3.9675328,5.5927872
2179,51,1,8,26,39.6,2.31,0.38054016,0.53421984
4312,32,2,6,8,26.4,12.92,1.2279168,2.1829632
430,35,1,5,5,19.9,14.13,1.07413434,1.73773566
3287,48,3,10,13,63.3,38.1,11.8898289,12.2274711
1056,41,3,13,16,65.8,3.11,0.49727034,1.54910966
15,27,2,1,8,34.7,10.21,1.8777211,1.6651489
1113,34,1,5,12,22.3,5.5,0.0968935,1.1296065
368,39,1,1,4,26.1,21.96,3.64527216,2.08628784
3355,29,1,7,5,26.9,18.15,2.3728221,2.5095279
46,23,1,5,2,26.8,1.65,0.0981684,0.3440316
2493,28,3,4,3,25.7,10.01,1.11906795,1.45350205
2737,35,2,15,14,46.5,6.79,1.0671843,2.0901657
4053,22,2,1,3,13.8,6.53,0.14238012,0.75875988
2663,44,1,26,23,93.6,2.79,0.99757008,1.61386992
4376,37,1,5,8,19.3,16.08,0.97448016,2.12895984
1406,34,2,4,10,76.8,29.66,15.62631168,7.15256832
4887,40,3,7,11,72.5,10.3,2.524015,4.943485
966,27,1,7,0,20.9,7.74,0.4529448,1.1647152
1754,39,3,5,0,75.1,4.76,1.22256792,2.35219208
361,29,3,3,3,35.1,3.99,0.68203863,0.71845137
2071,50,3,17,5,135.7,11.25,2.48839875,12.77785125
917,37,1,16,13,51.8,6.88,1.4433552,2.1204848
1240,46,2,21,1,63.2,12.07,1.72398224,5.90425776
4381,37,3,2,3,44.3,9.57,2.16638961,2.07312039
794,35,4,3,16,24.2,8.12,1.28906624,0.67597376
3673,32,1,13,6,37.6,17.92,5.00627456,1.73164544
4212,34,4,3,11,24.4,1.55,0.2095228,0.1686772
4583,38,1,19,13,72.2,13.25,3.5491715,6.0173285
2791,33,1,14,12,87.5,21.23,9.51104,9.06521
4115,21,1,2,2,31.3,10.47,0.7865064,2.4906036
494,54,1,21,18,88.2,5.73,1.1371185,3.9167415
2246,31,1,10,8,33.8,13.8,3.0411888,1.6232112
4903,36,2,11,7,50.4,7.72,2.63023488,1.26064512
2073,22,1,2,0,19.2,5.09,0.39188928,0.58539072
1180,34,3,2,15,31.4,7.42,0.91564284,1.41423716
1771,28,2,3,4,23.5,3.65,0.5952785,0.2624715
984,24,4,1,4,28.6,5.83,0.55690492,1.11047508
1313,31,1,9,0,30.0,24.72,2.810664,4.605336
2184,47,3,23,24,90.3,7.89,4.48141743,2.64325257
1450,42,3,12,18,69.7,5.05,2.0133542,1.5064958
4663,26,1,0,0,21.6,23.84,3.26474496,1.88469504
4150,30,1,0,2,19.0,25.22,1.5142088,3.2775912
3480,46,1,30,8,135.8,0.98,0.24354372,1.08729628
459,38,1,21,2,63.8,5.35,0.8396718,2.5736282
1709,50,2,2,0,39.9,7.59,0.69350589,2.33490411
1256,32,1,13,11,29.7,7.57,0.98250273,1.26578727
3077,35,2,12,8,66.0,3.56,0.8012136,1.5483864
4492,35,1,14,10,38.7,8.95,1.81148895,1.65216105
4486,22,1,5,1,21.1,8.88,1.06425024,0.80942976
1750,36,1,17,14,73.3,12.0,4.494756,4.301244
409,41,1,24,5,61.1,8.95,2.3733073,3.0951427
667,43,3,15,11,99.8,5.36,2.86721408,2.48206592
2622,39,2,19,4,80.5,2.77,0.624358,1.605492
352,37,1,13,4,33.3,4.36,0.24101208,1.21086792
4742,38,2,12,6,43.6,3.28,0.6220848,0.8079952
4297,43,1,18,7,105.5,1.61,0.3838723,1.3146777
2883,32,1,13,12,36.5,11.12,1.4692856,2.5895144
2531,24,1,7,3,16.7,6.69,0.84462588,0.27260412
892,36,1,16,12,36.4,8.15,1.8956574,1.0709426
2308,33,1,2,0,17.6,12.31,1.25227168,0.91428832
3538,35,1,5,16,16.5,24.36,1.6238376,2.3955624
1169,31,1,11,7,65.6,12.86,2.75862432,5.67753568
4024,38,1,11,9,66.2,7.03,0.39092424,4.26293576
2693,45,1,11,19,46.5,10.02,0.9877716,3.6715284
2351,26,4,3,6,28.1,5.08,0.6495034,0.7779766
3639,43,3,6,22,50.7,8.92,1.72757208,2.79486792
1039,27,1,7,3,66.2,10.93,2.57589496,4.65976504
3279,38,1,2,10,41.0,6.95,0.518609,2.330891
2800,37,3,9,7,53.1,7.78,0.83449836,3.29668164
3243,33,1,11,3,42.7,23.23,4.50332134,5.41588866
4749,43,2,16,10,120.7,6.23,2.09045158,5.42915842
1448,33,1,12,3,41.7,27.1,5.8311612,5.4695388
3703,50,2,11,16,36.9,4.61,0.58517496,1.11591504
4361,36,1,4,9,19.3,16.5,1.706892,1.477608
2862,45,1,6,23,22.9,4.49,0.57065655,0.45755345
2256,29,3,0,0,32.9,16.01,1.88568982,3.38160018
3312,39,1,6,11,67.7,5.74,0.2720186,3.6139614
749,36,3,4,12,78.3,25.98,6.3061254,14.0362146
1645,54,1,5,31,57.6,26.38,2.5831296,12.6117504
3323,46,3,18,25,128.8,26.58,2.29374768,31.94129232
4281,28,1,5,8,27.5,2.35,0.25656125,0.38968875
880,33,2,8,13,25.4,9.85,1.5561818,0.9457182
1683,33,2,4,3,24.9,12.31,1.34561841,1.71957159
107,43,1,15,9,45.3,13.43,0.64488174,5.43890826
4874,36,1,4,17,26.5,22.23,1.58466555,4.30628445
4468,36,2,15,1,145.2,11.41,6.51095676,10.05636324
2992,34,2,6,10,41.9,11.58,1.49927418,3.35274582
3622,26,2,7,4,61.0,13.99,3.1746108,5.3592892
3124,24,1,3,2,19.8,8.06,0.18512208,1.41075792
4737,49,3,16,18,64.3,2.88,0.86295744,0.98888256
1149,43,2,1,8,28.2,13.56,1.21983048,2.60408952
4075,44,1,14,12,56.5,3.11,0.37427295,1.38287705
3281,39,2,15,11,47.8,1.06,0.20317868,0.30350132
1376,29,3,5,10,18.3,6.6,0.6425496,0.5652504
4627,45,1,10,11,33.6,30.42,4.088448,6.132672
2540,26,1,1,6,21.7,11.16,0.22037652,2.20134348
4219,43,1,2,14,32.2,10.43,1.56504236,1.79341764
765,41,3,4,15,86.1,5.86,1.65995634,3.38550366
359,30,1,8,6,29.5,12.03,0.9794826,2.5693674
4310,26,1,4,7,20.8,14.03,0.4231448,2.4950952
2386,39,2,12,13,63.1,10.66,1.19058342,5.53587658
2089,48,1,9,0,50.3,3.46,0.57606578,1.16431422
3029,31,2,1,6,31.1,8.0,0.88324,1.60476
229,32,2,7,11,22.3,22.89,1.64874381,3.45572619
4209,37,1,7,17,58.7,16.81,3.11812052,6.74934948
619,26,1,6,1,15.2,23.5,1.489524,2.082476
1377,28,2,2,4,30.2,4.74,0.31635708,1.11512292
1582,37,2,0,7,16.3,3.1,0.2213214,0.2839786
1210,41,1,8,8,24.1,8.22,0.52893234,1.45208766
877,35,3,3,7,19.6,18.12,2.38306992,1.16845008
2024,35,3,2,7,34.0,9.55,0.321453,2.925547
4814,28,4,0,8,41.2,5.28,1.17904512,0.99631488
1224,39,2,10,17,43.0,6.14,1.1511272,1.4890728
2575,28,2,0,9,24.2,13.28,0.22174944,2.99201056
894,25,1,4,0,16.6,23.49,1.02162708,2.87771292
1715,38,2,13,3,47.4,8.44,3.35246928,0.64809072
4356,46,1,4,17,43.4,2.57,0.3848061,0.7305739
4324,29,2,2,5,20.6,8.24,1.0269512,0.6704888
3123,41,1,25,20,88.0,4.1,1.049928,2.558072
4653,37,3,9,3,94.6,7.5,2.10012,4.99488
3974,43,2,4,21,38.3,11.35,0.521646,3.825404
1521,32,1,11,7,43.6,2.52,0.50980608,0.58891392
1679,40,2,12,5,56.5,10.35,2.52038025,3.32736975
782,31,3,0,7,25.2,4.96,0.18998784,1.05993216
720,44,1,24,10,99.4,10.73,7.61525268,3.05036732
1583,34,1,18,0,70.7,3.04,0.376124,1.773156
2419,22,1,2,2,16.8,26.68,0.61854912,3.86369088
1850,25,1,2,6,29.1,9.61,0.56769153,2.22881847
1605,37,4,11,5,76.1,3.32,1.04092624,1.48559376
1950,38,2,2,17,34.6,6.49,0.26497372,1.98056628
3036,41,1,15,4,55.6,2.57,0.39152408,1.03739592
141,26,4,1,7,59.5,3.46,0.4199748,1.6387252
4429,29,2,4,0,32.1,4.98,0.39804642,1.20053358
3024,35,1,1,2,25.4,4.71,0.87691722,0.31942278
4299,49,3,22,24,105.0,8.25,1.7411625,6.9213375
4831,34,1,9,6,32.9,11.69,2.05376934,1.79224066
428,34,2,14,3,56.1,17.39,5.01447606,4.74131394
4923,33,1,13,14,36.5,11.03,0.36636145,3.65958855
684,31,2,6,11,37.0,23.16,3.8818476,4.6873524
4624,40,1,6,21,27.9,13.64,1.01989008,2.78566992
3637,33,1,4,11,20.2,3.2,0.2579136,0.3884864
2223,33,1,4,12,47.8,5.36,1.3066608,1.2554192
2921,44,2,12,21,112.6,6.21,3.85284546,3.13961454
261,28,2,7,2,38.7,1.25,0.32266125,0.16108875
4032,42,3,5,22,31.9,13.63,1.29569506,3.05227494
1763,38,1,5,14,37.7,1.77,0.3670095,0.3002805
3396,45,1,8,10,35.0,16.12,2.973334,2.668666
333,25,1,9,4,34.7,1.26,0.1333521,0.3038679
4456,33,1,17,0,27.4,3.44,0.34780464,0.59475536
1024,45,4,9,2,21.8,9.85,0.6141278,1.5331722
2542,43,1,15,20,36.9,10.45,0.42030945,3.43574055
1642,26,2,5,0,18.8,5.07,0.14583348,0.80732652
29,38,2,0,9,73.9,15.62,5.47146732,6.07171268
2714,43,3,1,1,28.6,15.18,1.8234216,2.5180584
4256,38,1,21,4,48.6,7.91,1.0187289,2.8255311
2418,27,1,4,5,12.6,20.53,1.32184458,1.26493542
4011,48,4,8,28,45.7,13.71,1.89843741,4.36703259
3921,32,2,8,13,41.2,6.01,1.46338692,1.01273308
2665,51,1,6,1,44.4,10.46,1.4164932,3.2277468
788,41,1,21,21,62.0,6.39,2.495934,1.465866
1215,44,3,6,23,31.3,7.1,0.3800133,1.8422867
3892,33,2,4,9,26.2,8.59,1.0915313,1.1590487
955,43,1,7,2,30.2,4.38,0.75529596,0.56746404
1131,25,1,5,3,18.1,25.53,1.92230688,2.69862312
4958,43,1,9,8,39.6,18.87,3.81845772,3.65406228
3918,39,3,10,10,32.7,11.45,1.37410305,2.37004695
1132,39,2,4,11,25.3,15.1,1.2836208,2.5366792
2957,40,2,1,16,52.9,4.67,1.13392737,1.33650263
274,46,1,6,18,50.9,3.7,0.7834528,1.0998472
440,34,1,18,10,43.0,15.46,2.6657678,3.9820322
4077,38,1,5,2,40.8,21.8,1.9656624,6.9287376
3059,53,1,37,17,217.7,3.34,1.18520234,6.08597766
665,46,4,9,20,47.1,10.42,1.9385889,2.9692311
729,42,1,11,13,39.5,11.13,1.59587505,2.80047495
1330,33,3,1,12,33.9,12.16,1.46751744,2.65472256
4404,31,2,8,2,36.5,17.17,0.70817665,5.55887335
1658,30,4,2,7,41.2,25.88,6.3442232,4.3183368
331,24,1,6,2,18.9,5.26,0.09841986,0.89572014
3410,27,5,0,3,64.1,4.53,0.44427069,2.45945931
2432,33,1,3,6,51.6,14.4,1.188864,6.241536
3217,33,2,1,9,29.7,38.17,2.66407515,8.67241485
3210,25,2,0,1,26.2,12.11,1.7133228,1.4594972
1630,24,1,3,1,23.4,14.56,1.23675552,2.17028448
2199,34,1,7,12,23.6,13.36,0.89228768,2.26067232
1667,40,1,16,21,74.9,16.23,3.0390675,9.1172025
471,31,1,3,5,22.2,26.4,3.9208752,1.9399248
1971,26,1,9,4,59.2,7.54,1.4953328,2.9683472
533,32,1,13,8,54.1,5.06,1.45632872,1.28113128
4067,29,1,10,8,30.3,4.4,0.8225844,0.5106156
3557,39,2,19,8,67.9,13.54,1.7008271,7.4928329
1343,42,1,19,21,39.1,6.77,1.59883028,1.04823972
621,36,1,16,12,42.4,3.11,0.80041448,0.51822552
1359,30,1,5,4,27.7,3.32,0.09748184,0.82215816
4001,42,1,0,3,22.4,3.63,0.25775904,0.55536096
1808,40,2,7,0,32.3,12.38,2.07534606,1.92339394
2051,32,1,1,6,23.0,5.04,0.0857808,1.0734192
4707,23,4,0,2,14.2,21.56,1.84915808,1.21236192
2925,43,1,20,0,57.2,6.27,1.20504384,2.38139616
4059,35,1,6,1,28.7,8.25,0.492492,1.875258
1602,24,2,2,5,19.5,12.15,0.34827975,2.02097025
1510,35,1,11,3,61.7,5.29,1.76578613,1.49814387
341,36,1,2,0,31.2,2.34,0.15842736,0.57165264
4307,34,2,9,4,43.7,3.81,0.50615088,1.15881912
4395,32,1,0,6,16.3,10.51,0.91823768,0.79489232
436,45,1,16,13,60.9,8.45,2.2539699,2.8920801
807,24,4,0,0,27.9,15.47,2.68894899,1.62718101
4639,27,2,8,5,30.3,8.03,0.77128953,1.66180047
4587,48,2,2,25,27.9,1.47,0.14846706,0.26166294
1428,41,1,0,9,27.5,10.26,0.874665,1.946835
2794,29,1,10,10,26.2,8.04,0.2527776,1.8537024
942,43,1,22,14,85.8,14.65,4.0977222,8.4719778
4028,38,2,2,7,61.7,1.14,0.15685374,0.54652626
2863,52,1,26,32,234.1,7.66,2.9587899,14.9732701
1518,34,1,13,5,30.0,15.48,2.061936,2.582064
3245,33,1,13,7,29.3,2.73,0.41994225,0.37994775
509,39,1,18,16,48.6,23.66,1.48334004,10.01541996
3690,49,2,21,26,64.9,4.09,0.62909517,2.02531483
4526,44,3,22,18,135.0,4.64,0.350784,5.913216
4724,33,1,6,7,37.6,5.77,0.07159416,2.09792584
4348,33,1,5,0,46.8,5.18,1.64121048,0.78302952
4362,27,2,4,5,24.4,14.66,0.24323872,3.33380128
1459,34,3,13,7,83.3,7.71,2.02948788,4.39294212
2704,40,1,15,21,42.7,8.05,0.9074604,2.5298896
3128,31,1,10,7,28.0,4.9,0.577612,0.794388
1577,31,1,5,9,31.2,9.13,1.06821,1.78035
3188,25,1,6,5,26.8,1.68,0.04862592,0.40161408
861,27,1,6,8,21.3,12.12,1.7296452,0.8519148
742,34,1,2,5,14.9,6.57,0.08516691,0.89376309
1677,43,2,13,11,36.6,10.75,2.3331585,1.6013415
1014,43,4,10,2,28.7,6.31,0.68997957,1.12099043
3820,41,1,12,12,46.8,17.72,4.26258144,4.03037856
1886,36,1,2,6,24.4,1.63,0.11772512,0.27999488
4697,31,1,1,9,18.9,14.65,1.273671,1.495179
3404,49,2,18,5,77.0,19.01,2.4591336,12.1785664
305,26,4,1,0,25.6,8.99,1.29110784,1.01033216
699,34,2,12,14,46.3,2.59,0.57680077,0.62236923
1438,29,3,1,4,23.1,5.88,0.53787888,0.82040112
1541,42,1,2,23,20.1,3.73,0.19343034,0.55629966
3949,33,1,0,7,18.8,12.17,0.9952626,1.2926974
2577,35,3,4,5,34.6,31.18,4.05639328,6.73188672
4502,38,1,2,8,19.5,10.58,0.8561865,1.2069135
381,41,2,8,21,42.9,3.97,0.12603162,1.57709838
1978,43,1,23,3,98.4,7.14,2.67681456,4.34894544
3674,28,2,1,9,24.0,5.37,0.3685968,0.9202032
1766,32,1,10,1,29.3,1.0,0.151481,0.141519
3688,40,4,7,21,18.8,12.23,0.86911272,1.43012728
4837,33,1,7,4,23.5,10.14,1.0556247,1.3272753
3643,50,3,1,0,43.1,3.41,0.53056531,0.93914469
4684,47,1,2,5,33.4,20.17,2.50608216,4.23069784
2197,29,1,4,6,29.3,22.88,2.19885952,4.50498048
321,37,1,12,12,36.2,7.42,0.604359,2.081681
2350,24,2,3,1,39.2,10.75,1.365336,2.848664
2442,33,3,8,5,32.8,5.91,0.59705184,1.34142816
2850,28,1,0,0,19.6,5.68,0.584472,0.528808
2642,26,1,1,5,22.3,7.12,0.36200928,1.22575072
4088,21,1,5,0,17.4,8.52,0.41805936,1.06442064
1535,37,1,5,15,23.9,33.64,0.21707892,7.82288108
2708,43,1,21,11,77.2,3.31,0.95057904,1.60474096
127,40,2,15,16,39.8,11.91,0.91485474,3.82532526
167,30,1,1,5,14.9,1.04,0.03424616,0.12071384
1341,47,5,12,19,56.6,16.06,2.35429964,6.73566036
4438,36,2,8,9,37.4,11.69,0.48967072,3.88238928
3599,35,5,8,3,41.0,11.58,3.0480876,1.6997124
4403,39,1,10,6,101.5,0.58,0.2443105,0.3443895
1987,34,3,10,6,101.6,34.18,8.3344512,26.3924288
625,28,2,3,1,26.0,16.14,0.5581212,3.6382788
2172,39,2,9,20,40.8,18.23,1.24955712,6.18828288
3510,32,1,7,3,30.1,7.84,1.18463968,1.17520032
4961,24,1,4,1,32.6,8.87,1.4313519,1.4602681
4927,33,2,13,2,63.2,0.75,0.250272,0.223728
761,30,2,0,9,20.0,2.03,0.0406,0.3654
1458,29,4,1,9,23.5,12.65,1.343683,1.629067
4959,44,2,0,4,24.4,12.38,0.8911124,2.1296076
4751,31,1,15,3,35.0,1.42,0.126735,0.370265
1372,22,2,0,1,31.2,2.1,0.4828824,0.1723176
2331,26,3,0,1,31.9,14.43,1.11396714,3.48920286
1033,29,4,4,4,15.5,4.82,0.1651091,0.5819909
2330,31,4,7,5,29.6,2.56,0.17731584,0.58044416
4577,33,2,3,13,53.4,16.61,3.1931064,5.6766336
4203,53,3,27,32,414.2,5.9,10.630443,13.807357
3545,33,1,11,2,29.0,7.16,1.360042,0.716358
1314,35,2,9,10,57.1,15.63,1.68677397,7.23795603
903,33,3,9,10,17.3,12.29,0.75266418,1.37350582
3481,36,1,11,12,34.4,12.96,1.55146752,2.90677248
4265,36,3,9,8,103.7,28.47,5.75706105,23.76632895
3531,23,1,4,1,20.8,2.99,0.0528632,0.5690568
2592,45,2,10,4,120.1,3.2,1.2144512,2.6287488
4832,35,1,16,10,38.4,9.27,2.00765952,1.55202048
3752,25,2,5,4,19.1,12.72,0.971808,1.457712
2228,26,4,3,3,22.3,15.79,1.69368277,1.82748723
3694,29,1,11,0,36.1,4.46,1.00145732,0.60860268
883,34,1,15,4,41.1,6.45,0.4453596,2.2055904
4036,44,2,20,22,91.1,6.19,2.57706413,3.06202587
4409,49,1,28,13,160.2,17.42,8.12089044,19.78594956
2119,29,2,7,6,49.4,14.02,0.59562568,6.33025432
3624,41,2,10,11,58.3,11.22,2.6492103,3.8920497
1863,27,2,1,3,29.6,20.02,4.0888848,1.8370352
1484,31,1,10,5,48.3,7.22,1.27633716,2.21092284
4667,44,1,1,17,29.5,16.44,1.4209914,3.4288086
3357,36,4,11,17,31.5,11.27,1.60817265,1.94187735
1300,38,1,16,14,49.8,20.69,2.8850136,7.4186064
3596,41,2,15,7,48.0,2.24,0.2688,0.8064
2889,38,1,0,15,18.8,11.9,0.8188152,1.4183848
520,27,1,6,7,41.8,12.13,2.1295428,2.9407972
3427,36,4,5,11,86.9,9.9,3.0196881,5.5834119
709,48,1,15,5,64.6,15.12,1.25024256,8.51727744
1190,46,1,6,21,27.3,12.81,1.37786922,2.11926078
1247,36,3,8,9,21.4,4.29,0.58205004,0.33600996
3327,42,2,22,17,270.8,27.05,54.4990416,18.7523584
3079,29,2,4,7,13.7,5.73,0.1884024,0.5966076
4986,24,1,6,2,20.7,12.96,0.31656096,2.36615904
4452,37,1,21,3,69.8,9.41,0.30213628,6.26604372
1536,41,4,13,18,96.4,6.17,1.67730216,4.27057784
2503,28,2,5,3,40.4,12.19,0.6402188,4.2845412
4423,25,1,8,5,19.2,3.83,0.17133888,0.56402112
1054,28,1,3,2,20.9,4.46,0.61428026,0.31785974
4537,33,2,5,6,40.5,21.62,1.1820735,7.5740265
4469,37,2,10,11,73.1,5.65,0.38410395,3.74604605
3166,28,4,3,7,22.3,3.06,0.18014832,0.50223168
2233,26,2,7,3,24.2,9.68,0.89251536,1.45004464
155,30,1,13,8,50.6,10.57,0.6685525,4.6798675
579,36,2,15,7,43.5,8.61,1.2659283,2.4794217
1228,33,1,10,3,37.1,32.36,6.0628078,5.9427522
4881,28,2,6,8,30.8,6.59,0.7002534,1.3294666
1046,38,1,5,2,31.7,5.23,0.35313483,1.30477517
250,28,2,0,9,18.3,19.25,2.1488775,1.3738725
3110,20,2,1,1,23.4,8.0,0.35568,1.51632
4364,37,1,5,6,24.3,10.66,0.47403954,2.11634046
3625,35,1,15,1,44.3,6.98,0.6802708,2.4118692
1384,47,1,28,17,68.8,14.22,1.58490432,8.19845568
1425,47,2,21,13,60.2,3.15,0.0417186,1.8545814
2584,28,3,5,8,51.7,4.55,1.09384275,1.25850725
1026,28,1,1,7,17.4,3.26,0.20874432,0.35849568
741,34,1,18,10,43.0,0.93,0.1567608,0.2431392
1946,21,3,0,2,16.5,18.07,0.76625835,2.21529165
514,27,1,5,1,20.6,3.51,0.16341156,0.55964844
3407,49,1,18,24,100.4,5.12,1.4907392,3.6497408
1238,38,2,20,6,70.6,9.59,0.55518428,6.21535572
1889,42,2,11,10,41.7,1.85,0.27540765,0.49604235
1482,31,2,4,12,21.1,17.75,1.423195,2.322055
69,42,1,10,18,48.3,19.9,6.824307,2.787393
3864,42,2,12,21,33.9,7.22,0.9545562,1.4930238
1842,47,1,6,10,24.5,19.6,2.01684,2.78516
633,44,1,13,4,32.0,33.42,4.9835904,5.7108096
2897,22,1,1,2,14.1,7.33,0.13745949,0.89607051
4149,38,3,6,12,96.9,13.99,0.9489417,12.6073683
3822,47,1,25,1,51.4,1.84,0.41802592,0.52773408
3516,33,1,6,11,37.8,5.29,0.32393844,1.67568156
1910,33,3,8,14,33.6,13.87,1.57052784,3.08979216
446,55,1,8,24,25.3,24.54,2.78146176,3.42715824
307,34,1,15,2,76.8,24.71,8.61568512,10.36159488
2658,32,4,4,12,37.1,0.5,0.114639,0.070861
3722,33,2,5,12,27.0,1.33,0.2664522,0.0926477999999999
598,21,1,2,1,15.3,11.89,0.65672037,1.16244963
1813,32,2,9,12,20.9,6.91,0.33794046,1.10624954
3642,26,1,8,5,21.0,5.69,0.3023097,0.8925903
1643,29,1,10,0,25.7,9.85,1.6454425,0.8860075
3517,26,2,6,3,24.0,24.89,0.29868,5.67492
2134,43,2,8,18,53.8,13.97,3.09653432,4.41932568
3742,47,1,30,24,125.0,14.34,6.650175,11.274825
4572,49,2,11,9,46.4,6.61,0.26683248,2.80020752
3904,25,1,3,3,16.4,17.15,0.4303278,2.3822722
1227,30,4,5,2,36.9,11.03,1.65651849,2.41355151
707,36,1,11,2,29.2,7.28,0.8928192,1.2329408
2043,32,1,11,5,34.5,5.28,1.0328472,0.7887528
3654,48,4,2,15,57.0,11.45,2.623653,3.902847
858,28,1,4,2,18.9,7.27,1.04701086,0.32701914
698,22,4,0,0,19.7,10.79,0.86300578,1.26262422
685,23,1,1,0,19.1,15.22,1.52327848,1.38374152
3389,25,1,2,5,25.5,2.71,0.12784425,0.56320575
2481,31,2,1,5,16.4,16.2,0.836892,1.819908
2888,32,1,15,5,68.9,20.01,8.272134,5.514756
3930,38,1,7,5,22.6,3.28,0.17123568,0.57004432
3228,30,2,3,7,56.1,5.16,0.4486878,2.4460722
1929,32,1,3,12,16.8,9.04,0.51940224,0.99931776
973,25,1,3,6,17.5,7.82,0.46529,0.90321
2649,27,1,1,7,20.6,3.18,0.3242646,0.3308154
1681,45,2,20,19,68.2,2.21,0.54109198,0.96612802
1150,36,2,11,7,46.7,12.52,2.84156424,3.00527576
4243,28,2,3,7,22.4,12.43,0.86870784,1.91561216
4292,45,2,17,20,160.5,11.58,2.4719247,16.1139753
1326,33,2,7,0,23.6,7.67,0.8236046,0.9865154
1785,44,1,27,16,175.5,15.78,4.9295142,22.7643858
2799,33,2,13,7,57.1,14.23,3.07950007,5.04582993
419,37,1,1,14,22.0,3.61,0.1683704,0.6258296
2780,42,1,21,1,66.1,5.65,1.0158248,2.7188252
3258,40,1,15,8,67.8,17.46,6.01364304,5.82423696
1222,37,3,5,14,20.0,10.57,0.551754,1.562246
1525,37,1,13,15,45.9,28.12,3.88503108,9.02204892
1787,29,1,3,9,36.0,19.41,2.9068416,4.0807584
1097,38,4,15,7,51.2,10.38,3.07713024,2.23742976
1574,44,2,14,7,96.9,12.16,7.52936256,4.25367744
1292,26,1,3,0,20.7,12.29,0.84716199,1.69686801
3671,34,2,11,12,40.1,7.93,1.6853629,1.4945671
3907,42,1,20,1,157.5,17.37,2.32540875,25.03234125
4336,46,4,7,4,391.3,7.58,5.30923666,24.35130334
2861,47,1,28,19,145.3,20.83,15.49618688,14.76980312
682,27,2,9,5,21.7,10.94,0.55551132,1.81846868
2601,38,2,15,17,64.7,8.47,0.88777458,4.59231542
4521,26,1,1,5,18.6,27.82,1.65067188,3.52384812
2640,46,1,27,20,83.0,8.96,0.5726336,6.8641664
1346,43,1,11,12,50.9,23.07,5.26069824,6.48193176
996,33,3,10,2,26.7,8.57,1.15095957,1.13723043
2435,44,1,7,23,25.1,6.77,0.06457226,1.63469774
3814,34,1,18,12,35.9,18.85,4.20240015,2.56474985
286,39,4,5,12,22.8,5.47,0.63854592,0.60861408
876,45,1,19,22,110.2,1.69,0.43020978,1.43217022
890,52,1,12,1,39.7,12.44,0.62721236,4.31146764
1985,30,2,1,11,18.2,12.35,1.5014636,0.7462364
4871,37,1,14,5,51.0,6.2,0.265608,2.896392
4576,54,3,16,29,117.2,29.51,7.85095844,26.73476156
3663,23,2,2,4,56.7,7.31,1.10250882,3.04226118
1597,44,1,23,7,75.6,9.6,0.9507456,6.3068544
4306,23,4,0,2,16.9,8.3,0.7265986,0.6761014
1009,44,1,6,15,26.8,0.28,0.03894576,0.03609424
2376,34,1,10,2,31.5,18.42,2.2106763,3.5916237
350,36,2,0,6,47.8,4.07,0.25096434,1.69449566
3250,47,1,3,27,20.0,4.97,0.179914,0.814086
4008,39,1,7,8,33.7,14.29,1.76255718,3.05317282
4055,39,1,10,12,29.4,4.33,0.2418738,1.0311462
4111,36,2,10,13,29.1,5.38,0.70920774,0.85637226
1644,38,1,21,17,91.7,2.4,0.4225536,1.7782464
90,40,1,3,9,34.9,10.59,3.22283352,0.47307648
4599,49,2,9,25,31.8,8.07,1.51922592,1.04703408
3877,31,2,6,8,47.2,6.64,1.91492288,1.21915712
130,38,1,12,4,27.6,10.11,1.2696138,1.5207462
2805,28,1,9,7,23.3,9.49,1.00166001,1.20950999
1532,39,3,2,6,23.3,12.33,1.17213912,1.70075088
3380,43,1,24,6,81.8,4.13,1.91214044,1.46619956
3241,31,1,14,9,35.8,2.36,0.16644136,0.67843864
1714,32,1,9,7,42.8,11.17,1.06610948,3.71465052
4793,29,1,2,7,19.4,4.9,0.1834658,0.7671342
4056,44,1,5,16,33.1,14.43,0.64958088,4.12674912
3604,24,3,0,5,34.6,32.01,6.50129502,4.57416498
1185,30,1,4,2,41.2,17.23,3.9398118,3.1589482
4148,31,1,10,9,26.2,8.18,0.94727672,1.19588328
3572,41,1,5,6,21.2,2.64,0.19141056,0.36826944
1291,38,2,3,6,38.2,21.52,1.16733088,7.05330912
3788,52,1,30,17,200.4,7.75,3.494475,12.036525
4645,49,1,29,11,120.3,9.52,3.91677552,7.53578448
3723,36,3,5,3,39.2,20.37,3.84878928,4.13625072
1417,26,1,1,6,25.2,9.94,1.02950568,1.47537432
1401,34,2,14,9,33.3,6.41,0.32231403,1.81221597
3319,47,4,9,22,56.2,6.62,0.75524932,2.96519068
483,29,1,10,10,41.0,9.58,0.8091268,3.1186732
243,47,1,2,24,35.6,15.45,0.4015146,5.0986854
1357,39,1,1,17,35.2,12.89,0.93921696,3.59806304
3271,50,2,0,14,62.4,20.12,4.3314336,8.2234464
1600,36,1,3,12,23.3,16.88,1.42769352,2.50534648
2273,43,5,4,3,43.9,22.97,4.34613073,5.73769927
2231,46,2,24,2,61.9,7.93,1.0308207,3.8778493
553,33,2,8,2,34.3,5.69,0.85092812,1.10074188
639,51,1,10,1,35.4,14.8,1.1473848,4.0918152
3778,48,1,24,9,74.9,16.48,3.09822352,9.24529648
386,27,2,4,6,32.6,19.81,0.45852226,5.99953774
3352,33,3,12,14,29.9,23.87,2.854852,4.282278
3270,29,1,2,2,14.7,16.78,0.19979946,2.26686054
2499,20,1,0,0,15.2,11.34,0.34990704,1.37377296
3005,39,1,9,11,54.5,21.78,5.2584543,6.6116457
401,36,1,18,9,30.3,7.78,0.6600552,1.6972848
383,50,1,2,29,29.5,9.0,1.2213,1.4337
4919,31,1,8,2,26.6,0.45,0.0645183,0.0551817
4004,32,5,4,4,35.3,5.19,0.11542041,1.71664959
1764,29,1,9,1,23.9,10.84,0.3497526,2.2410074
4391,24,4,0,4,44.6,8.17,1.27898082,2.36483918
804,24,1,1,5,20.4,5.79,0.13819572,1.04296428
3632,32,2,0,3,21.3,2.55,0.0945081,0.4486419
4104,47,3,13,1,66.4,5.11,1.92385368,1.46918632
3366,22,1,0,3,13.8,3.75,0.2458125,0.2716875
3206,50,1,0,20,25.7,2.89,0.27629556,0.46643444
3264,30,1,4,11,24.9,4.85,0.73545885,0.47219115
2573,40,2,12,10,88.7,17.64,5.25728448,10.38939552
463,28,1,5,6,20.3,1.66,0.01617504,0.32080496
2368,28,2,7,5,38.5,5.48,0.4578266,1.6519734
1641,33,1,5,4,22.4,12.29,0.98280672,1.77015328
2147,31,1,6,11,21.4,11.59,1.25749182,1.22276818
1329,28,1,1,9,14.9,8.3,0.0643084,1.1723916
57,33,3,9,4,35.2,3.67,0.28937216,1.00246784
4329,44,1,17,21,43.3,11.61,0.42730605,4.59982395
1666,50,1,32,0,151.7,6.02,1.75340928,7.37893072
4693,24,3,2,0,39.7,16.84,1.51091848,5.17456152
3847,29,1,10,5,62.7,8.88,2.76717672,2.80058328
3710,25,3,3,6,28.0,10.18,1.168664,1.681736
581,40,2,15,15,75.3,8.4,0.885528,5.439672
3175,31,1,0,8,25.1,3.88,0.2726864,0.7011936
4214,39,1,22,14,64.2,15.4,3.3911724,6.4956276
3037,38,1,8,3,33.8,11.79,1.394757,2.590263
2929,38,1,5,6,25.9,1.16,0.06549592,0.23494408
297,27,3,6,4,40.9,10.41,1.46464536,2.79304464
2180,24,4,0,3,65.5,8.98,0.7411194,5.1407806
346,52,4,27,17,174.0,2.44,2.207712,2.037888
3762,42,4,0,23,27.5,5.98,0.29601,1.34849
114,38,4,6,13,65.3,14.94,6.17543406,3.58038594
4368,26,1,8,2,21.9,13.41,2.27013867,0.66665133
1621,44,1,26,10,121.7,6.53,2.03443456,5.91257544
1568,54,2,33,4,300.6,21.53,22.84587054,41.87330946
1006,45,4,6,11,100.5,3.35,1.42413525,1.94261475
3239,47,1,2,13,25.3,1.93,0.09033365,0.39795635
4807,31,1,9,8,37.5,19.8,1.3662,6.0588
2488,47,1,12,13,45.5,6.47,1.07450525,1.86934475
330,34,1,10,10,22.7,9.74,0.13708076,2.07389924
4709,40,1,22,3,47.4,5.91,0.38378358,2.41755642
3447,48,4,7,9,129.4,11.03,10.9187073,3.3541127
478,32,2,5,2,53.2,7.22,0.61072536,3.23031464
4711,28,1,7,6,18.7,10.4,0.2839408,1.6608592
1252,48,1,9,25,37.5,6.4,0.9456,1.4544
3032,21,1,0,1,12.1,27.02,0.79446906,2.47495094
1580,36,1,11,14,57.9,11.61,1.84188006,4.88030994
4620,45,1,8,1,48.8,6.43,0.89114656,2.24669344
1069,38,2,18,15,49.5,3.77,0.7427277,1.1234223
2065,31,1,14,7,38.7,4.92,1.31188356,0.59215644
866,28,1,10,9,30.3,12.56,2.30624208,1.49943792
3445,46,1,6,1,56.7,16.84,2.27249064,7.27578936
4135,50,2,5,8,34.8,16.43,2.81879652,2.89884348
1802,37,2,8,4,31.0,10.71,1.4342832,1.8858168
14,36,2,8,1,48.1,5.28,0.7365072,1.8031728
2173,28,2,1,8,21.0,10.43,0.4205376,1.7697624
1578,21,1,1,1,12.5,13.93,0.33432,1.40693
785,34,2,6,4,22.6,5.55,0.5870124,0.6672876
3697,43,2,22,2,104.5,5.66,1.2775752,4.6371248
1848,46,2,26,1,76.3,3.65,0.38153815,2.40341185
1616,31,1,6,2,21.8,6.94,0.99701428,0.51590572
4228,35,2,0,1,35.2,4.06,0.52591616,0.90320384
3526,22,3,0,1,17.5,14.72,0.868112,1.707888
4235,42,1,1,21,23.0,5.63,0.5063059,0.7885941
4417,37,3,8,1,132.4,6.17,1.51944888,6.64963112
3302,41,2,17,20,55.0,19.15,0.358105,10.174395
1898,26,2,2,3,19.8,6.25,0.2264625,1.0110375
4114,26,1,5,3,19.9,9.08,0.9576676,0.8492524
1389,33,1,5,5,17.7,3.25,0.01898325,0.55626675
2498,41,3,16,8,161.1,1.48,1.3590396,1.0252404
1955,30,4,1,8,31.9,16.09,1.91450083,3.21820917
4591,50,1,1,31,21.4,3.42,0.72016992,0.0117100800000001
4296,34,1,10,14,46.7,9.13,1.40276059,2.86094941
523,41,1,0,14,21.0,10.4,0.683592,1.500408
1327,29,2,4,6,36.6,31.18,2.1682572,9.2436228
2464,28,1,6,8,32.2,6.99,0.85079484,1.39998516
1631,33,1,2,6,18.9,0.78,0.08240778,0.06501222
3824,47,1,21,19,149.3,12.68,5.84975316,13.08148684
4872,36,4,2,9,36.3,10.46,1.73901684,2.05796316
339,30,1,2,6,19.9,27.14,3.1865074,2.2143526
1234,47,3,12,25,42.4,8.57,0.85754848,2.77613152
3881,29,1,5,7,19.2,23.45,2.4628128,2.0395872
3072,52,1,3,31,47.8,5.9,0.3835472,2.4366528
251,28,1,5,5,23.1,28.54,1.79981802,4.79292198
1807,29,1,7,10,25.2,4.63,0.14117796,1.02558204
3490,34,1,18,2,66.1,12.4,1.8523864,6.3440136
1079,41,1,8,20,46.2,7.46,0.78236004,2.66415996
1289,28,1,11,6,27.7,8.22,0.77643654,1.50050346
1344,28,1,2,9,24.9,14.1,0.4177971,3.0931029
3853,32,1,8,0,34.0,1.5,0.13209,0.37791
484,38,2,19,1,101.0,15.71,12.058996,3.808104
4740,49,5,5,13,24.9,8.21,0.63168561,1.41260439
2924,41,3,11,22,71.1,6.08,0.63114048,3.69173952
1147,42,2,19,8,83.5,10.24,3.0097408,5.5406592
3981,33,2,8,3,64.9,11.16,1.8469242,5.3959158
1551,47,2,22,2,54.3,14.33,6.98750862,0.79368138
991,32,2,7,6,29.7,14.05,1.35617625,2.81667375
83,29,1,11,9,27.1,7.0,0.836577,1.060423
1655,34,1,1,14,24.1,7.7,0.3303146,1.5253854
4546,36,2,17,12,112.3,5.54,3.6706378,2.5507822
4485,34,1,2,11,24.1,9.88,0.17619992,2.20488008
822,39,1,22,18,124.3,2.95,1.2100605,2.4567895
1775,40,3,6,15,34.9,4.6,0.8396242,0.7657758
2424,29,3,8,10,38.1,18.97,1.88639577,5.34117423
756,36,2,5,2,44.0,9.33,1.2069288,2.8982712
2342,36,1,19,6,39.8,4.94,1.0223824,0.9437376
1639,43,1,14,24,66.2,10.38,2.14392672,4.72763328
1245,30,4,5,9,24.5,3.23,0.2975476,0.4938024
831,33,5,4,4,49.0,2.76,0.0500388,1.3023612
3709,25,1,3,0,19.9,13.32,1.12388832,1.52679168
566,37,2,12,9,37.1,6.48,0.90633816,1.49774184
4552,40,1,22,2,70.8,13.6,5.7869088,3.8418912
1411,37,1,15,15,52.0,10.5,0.6552,4.8048
3176,36,2,17,17,35.8,7.85,1.2281011,1.5821989
3724,24,2,0,5,27.6,8.29,0.91292796,1.37511204
4858,49,2,0,10,26.6,18.8,1.6852696,3.3155304
1991,33,2,5,5,22.1,4.76,0.27771744,0.77424256
1662,40,1,18,17,43.1,19.18,4.59621848,3.67036152
3649,26,2,0,5,15.6,13.46,1.11077304,0.98898696
2909,49,1,23,1,177.0,8.77,6.519618,9.003282
4893,49,1,14,14,55.7,5.73,1.82560092,1.36600908
4374,41,2,12,7,51.6,12.51,1.18129428,5.27386572
2369,27,1,1,5,16.3,8.16,0.50809056,0.82198944
4245,34,1,4,11,21.7,21.76,2.19097088,2.53094912
2266,50,3,13,14,91.3,9.1,2.9328299,5.3754701
4593,40,2,6,4,36.9,11.28,0.7075944,3.4547256
1334,54,1,21,17,56.4,11.11,0.83338332,5.43265668
552,36,2,5,9,35.3,27.67,3.50653609,6.26097391
2986,48,2,14,20,62.5,10.85,4.18403125,2.59721875
3160,32,2,12,3,39.6,7.2,0.228096,2.623104
2726,51,1,5,7,24.9,12.82,0.4149834,2.7771966
1089,43,3,8,3,49.0,15.11,3.4280057,3.9758943
824,33,1,2,3,28.0,10.76,0.2741648,2.7386352
1592,45,2,4,7,59.3,8.78,2.7334335,2.4731065
2357,39,3,16,3,42.0,16.13,1.0703868,5.7042132
4603,41,1,12,5,39.4,6.44,1.522416,1.014944
840,37,1,16,4,38.3,3.66,0.67565796,0.72612204
2753,55,1,29,33,153.2,17.16,6.41454528,19.87457472
3424,38,4,8,5,83.1,19.37,12.0723525,4.0241175
986,42,2,19,0,100.0,1.24,0.16244,1.07756
3475,38,1,15,16,47.2,4.51,0.40871424,1.72000576
4687,37,1,19,3,50.7,13.66,1.36434714,5.56127286
1879,43,1,4,18,27.4,17.04,2.53991424,2.12904576
133,31,1,2,4,18.6,6.85,0.6192126,0.6548874
2449,36,1,14,7,24.8,10.19,1.56176016,0.96535984
3471,36,1,16,13,42.8,5.88,0.93619008,1.58044992
442,31,1,2,7,20.0,24.67,1.401256,3.532744
1255,40,2,17,6,74.3,4.38,2.54163954,0.71270046
584,28,3,0,4,17.8,3.45,0.0110538,0.6030462
4752,28,1,2,5,27.0,17.99,2.5986555,2.2586445
1246,44,1,23,7,58.9,5.29,1.76043265,1.35537735
1964,40,3,3,0,47.6,22.88,0.29405376,10.59682624
1197,41,1,20,16,96.9,11.89,3.98640786,7.53500214
427,51,1,23,7,81.6,11.92,5.23297536,4.49374464
2677,33,1,1,2,23.8,22.09,1.0251969,4.2322231
506,29,1,13,1,32.7,13.59,1.69758126,2.74634874
4988,48,2,21,22,248.3,3.98,4.6941115,5.1882285
2507,27,2,2,1,35.5,4.21,0.17486235,1.31968765
3180,32,2,7,8,30.8,9.37,0.19913124,2.68682876
4528,37,1,0,5,23.3,5.93,0.86355625,0.51813375
3182,39,1,0,14,20.6,6.88,0.46911968,0.94816032
2093,40,2,1,7,32.4,3.85,0.6212052,0.6261948
4210,28,2,2,3,16.3,5.0,0.290955,0.524045
1589,40,1,8,18,25.7,12.69,0.52507413,2.73625587
4902,32,1,11,9,25.2,4.05,0.4878468,0.5327532
1916,33,3,10,5,200.8,9.2,8.3685408,10.1050592
576,29,1,12,1,40.7,13.85,3.22997235,2.40697765
4775,27,1,2,7,21.4,2.26,0.01644376,0.46719624
555,29,2,6,9,30.4,4.27,0.72303056,0.57504944
184,34,1,16,9,32.4,26.6,3.6972936,4.9211064
2497,38,2,6,4,41.1,4.42,0.10173072,1.71488928
1809,30,2,9,6,41.3,8.27,0.24591672,3.16959328
1030,28,1,8,2,38.0,13.56,0.9378096,4.2149904
1868,39,3,2,7,25.1,11.53,0.6077463,2.2862837
1791,25,4,2,3,20.6,11.83,1.33302806,1.10395194
1008,24,2,5,3,47.6,13.48,0.46198656,5.95449344
1519,26,1,7,1,31.0,15.01,1.4843389,3.1687611
1133,39,2,11,9,41.4,3.52,0.53627904,0.92100096
3067,34,2,2,14,38.0,8.31,0.9536556,2.2041444
1688,30,2,4,9,42.6,8.43,1.48674852,2.10443148
96,32,1,1,10,19.3,2.84,0.21705552,0.33106448
2021,42,1,14,15,37.3,1.75,0.06723325,0.58551675
2254,38,1,10,7,39.6,18.06,2.38868784,4.76307216
1469,24,1,7,1,18.2,5.71,0.57053178,0.46868822
3026,44,2,20,14,146.7,9.49,2.35278927,11.56904073
17,40,1,12,7,41.2,7.01,1.27366092,1.61445908
1753,25,1,5,1,31.4,22.38,3.31689504,3.71042496
3456,38,2,19,5,42.1,9.16,0.88310644,2.97325356
3874,29,2,9,4,37.2,5.56,0.59360784,1.47471216
3074,40,1,10,2,40.7,18.44,2.01886652,5.48621348
1287,41,3,8,2,29.9,7.54,0.57714176,1.67731824
1828,43,1,22,20,75.3,6.01,0.87795282,3.64757718
4247,43,2,14,7,36.3,6.57,0.62723133,1.75767867
3478,46,2,23,21,99.3,1.25,0.23707875,1.00417125
389,33,1,0,6,20.8,3.58,0.33955584,0.40508416
3641,24,1,4,2,30.1,9.86,1.75400526,1.21385474
4144,39,2,4,11,33.4,2.13,0.53925636,0.17216364
821,36,1,12,17,23.2,6.39,0.35134776,1.13113224
2789,41,4,4,1,144.4,23.67,5.09274252,29.08673748
932,49,1,18,14,33.7,9.96,1.23519936,2.12132064
2069,40,2,6,3,37.2,3.22,0.28867944,0.90916056
215,22,1,0,1,17.5,8.53,0.1940575,1.2986925
887,32,2,7,4,19.1,15.87,1.19428098,1.83688902
2193,43,1,25,19,70.4,20.51,6.7863488,7.6526912
3636,36,1,20,5,62.4,9.15,0.9649224,4.7446776
670,39,3,2,10,53.4,14.79,2.55100878,5.34685122
1871,37,1,19,2,99.9,7.58,0.42405552,7.14836448
3148,33,2,2,10,36.5,9.76,0.6804184,2.8819816
1618,41,1,2,18,22.2,7.78,0.71849856,1.00866144
3377,30,2,4,3,37.9,17.46,0.13896414,6.47837586
3015,33,2,2,8,33.2,14.74,2.05045192,2.84322808
392,30,1,0,11,19.1,9.73,0.41814675,1.44028325
797,33,1,2,9,24.7,3.26,0.17473274,0.63048726
2270,30,1,14,7,34.7,3.93,0.06954921,1.29416079
1237,27,2,1,8,26.6,18.2,0.5373732,4.3038268
125,36,2,4,2,38.4,14.69,0.51896832,5.12199168
608,47,3,23,11,197.2,2.73,1.03902708,4.34453292
999,34,1,10,15,34.2,3.38,0.04277052,1.11318948
1449,32,2,13,8,31.1,18.69,3.52824213,2.28434787
4343,43,1,24,22,106.7,6.38,4.53376836,2.27369164
2605,36,1,11,13,32.2,20.18,1.74795124,4.75000876
3661,54,4,29,21,165.2,11.95,1.8359502,17.9054498
4173,27,1,4,3,20.6,20.16,0.7890624,3.3638976
1266,44,1,28,2,181.9,18.24,21.4001712,11.7783888
2494,38,2,15,19,93.3,6.76,1.52000628,4.78707372
4829,23,1,7,0,21.0,3.45,0.137655,0.586845
2132,25,2,5,2,21.1,5.09,0.08484521,0.98914479
3565,23,2,3,0,27.7,17.12,1.12865312,3.61358688
2131,37,1,11,12,48.1,5.27,1.05957566,1.47529434
1175,42,1,17,22,65.3,4.44,1.57433076,1.32498924
2788,37,2,14,16,65.9,12.74,4.18943434,4.20622566
2295,51,1,7,3,35.7,6.38,1.23904704,1.03861296
4929,46,2,21,25,85.5,9.52,2.0511792,6.0884208
680,33,1,11,1,28.0,4.97,0.4898432,0.9017568
4205,24,1,4,3,15.7,1.34,0.10077202,0.10960798
3387,32,2,7,6,34.1,10.19,0.57334035,2.90144965
3835,34,2,15,1,42.3,20.46,3.21084918,5.44373082
3679,50,4,25,24,341.9,9.45,6.81731505,25.49223495
4590,42,1,4,10,36.2,12.55,1.3765593,3.1665407
868,22,1,6,0,22.8,11.42,0.99463632,1.60912368
2220,41,1,10,16,42.2,9.49,1.48977816,2.51500184
3491,28,1,6,9,37.0,8.97,0.7467525,2.5721475
2914,51,2,32,12,233.0,8.25,8.91924,10.30326
87,33,1,14,2,35.4,3.68,0.04429248,1.25842752
3768,24,2,0,5,14.7,8.16,0.21711312,0.98240688
3896,43,1,17,24,44.3,2.7,0.777465,0.418635
4467,31,1,2,1,19.9,10.33,0.48102678,1.57464322
616,25,4,0,5,16.5,8.54,0.479094,0.930006
4183,34,1,10,9,56.0,8.82,0.938448,4.000752
3993,22,2,0,1,28.9,11.26,0.62154074,2.63259926
3261,26,3,4,0,49.7,8.25,2.90707725,1.19317275
3276,31,5,3,9,260.1,12.38,15.9391881,16.2611919
1948,32,4,7,8,28.9,7.56,1.33493724,0.84990276
336,46,1,14,16,43.6,22.7,3.760936,6.136264
3298,38,1,3,12,21.9,2.86,0.11649924,0.50984076
2190,39,1,2,9,26.5,8.3,0.083581,2.115919
2324,34,1,1,4,32.8,6.61,0.34472472,1.82335528
3773,41,1,3,20,33.3,10.87,2.2442202,1.3754898
2125,31,2,9,0,40.6,6.69,0.32322066,2.39291934
4249,29,1,4,8,21.9,12.93,1.49795343,1.33371657
138,25,1,6,6,20.1,1.61,0.10128993,0.22232007
875,38,1,21,17,73.8,16.82,2.87985312,9.53330688
4372,25,2,6,0,21.5,7.31,0.69309765,0.87855235
249,45,2,6,3,31.2,5.54,0.5012592,1.2272208
1013,34,1,12,5,56.9,11.49,2.76549363,3.77231637
4233,31,1,6,4,43.0,6.15,1.047222,1.597278
1250,30,1,6,10,29.7,5.34,0.32195394,1.26402606
4333,26,4,0,7,65.0,5.18,1.259258,2.107742
324,36,1,18,14,44.4,17.13,4.55582628,3.04989372
181,22,1,4,2,22.0,11.6,1.694528,0.857472
854,35,2,13,11,70.2,3.57,1.90717254,0.59896746
4165,37,2,1,17,25.5,4.19,0.5299512,0.5384988
3725,34,1,0,4,22.8,8.86,0.99387936,1.02620064
2214,46,1,9,23,29.3,19.48,1.3983718,4.3092682
3154,43,1,9,13,35.2,9.05,0.684904,2.500696
1906,48,1,25,14,66.4,8.72,2.16548992,3.62459008
3571,45,3,23,0,202.2,12.05,0.1461906,24.2189094
2490,23,1,2,3,14.7,2.74,0.21226506,0.19051494
179,35,2,1,8,18.0,11.0,0.29106,1.68894
4786,27,1,4,0,24.6,9.81,1.17284436,1.24041564
3384,27,1,0,3,22.4,16.15,0.5932864,3.0243136
738,28,2,4,1,30.1,4.92,0.45019968,1.03072032
246,29,2,10,8,38.0,10.16,0.8764016,2.9843984
407,33,1,14,8,26.6,24.06,5.0239686,1.3759914
4279,26,2,1,6,59.8,15.92,1.06625792,8.45390208
929,39,1,6,10,30.2,3.61,0.2125929,0.8776271
3035,30,1,6,3,52.7,2.61,1.08111942,0.29435058
1340,29,2,4,5,19.1,23.44,0.21042088,4.26661912
3416,30,1,1,1,22.6,11.65,0.4317956,2.2011044
604,28,1,2,2,22.5,2.55,0.26908875,0.30466125
3989,32,1,2,5,27.8,10.87,0.48651946,2.53534054
3483,45,2,23,18,150.0,4.58,1.11981,5.75019
1581,26,2,0,0,25.5,5.7,0.412794,1.040706
4125,53,1,31,15,175.4,16.22,8.6772134,19.7726666
152,29,2,4,3,33.4,12.62,0.5901112,3.6249688
2265,39,2,7,18,48.5,11.05,0.20901075,5.15023925
3916,29,1,13,0,46.7,13.8,0.6573492,5.7872508
2299,45,3,2,4,58.0,2.93,0.9023814,0.7970186
4291,34,2,1,1,32.0,9.44,0.8790528,2.1417472
3553,33,2,10,11,40.8,8.18,1.71544416,1.62199584
3598,51,4,19,2,113.8,6.02,2.26760156,4.58315844
2019,32,2,3,11,21.9,4.14,0.21669174,0.68996826
3391,45,2,25,20,80.2,25.88,13.2836864,7.4720736
755,26,3,0,6,26.1,12.93,1.1136609,2.2610691
292,44,2,23,1,57.6,0.54,0.202176,0.108864
3120,28,3,4,9,37.8,2.81,0.20500074,0.85717926
4447,28,1,5,5,27.7,15.12,2.34122616,1.84701384
1380,41,2,23,19,79.8,9.29,0.54117966,6.87224034
3968,49,2,5,0,64.0,22.55,10.665248,3.766752
171,45,1,0,18,24.6,27.12,1.77462432,4.89689568
4650,33,1,6,6,46.6,18.25,1.4032425,7.1012575
2913,43,1,13,18,71.5,8.61,4.78332855,1.37282145
1830,30,1,10,11,36.1,5.77,0.57281675,1.51015325
247,33,1,0,2,26.9,14.4,0.6740064,3.1995936
1467,29,1,2,0,29.4,6.15,0.7141995,1.0939005
4792,38,3,1,14,27.4,12.73,1.8660907,1.6219293
1060,40,1,15,20,33.6,6.82,0.28644,2.00508
4681,25,1,8,0,21.4,31.41,0.51085224,6.21088776
4706,22,1,6,2,25.6,4.39,0.55292928,0.57091072
4780,28,3,3,7,43.1,6.43,0.80645703,1.96487297
1455,27,1,3,6,20.5,2.68,0.2230564,0.3263436
4643,36,1,7,6,23.2,16.69,0.95640376,2.91567624
2066,25,4,0,1,33.9,8.34,1.89991872,0.92734128
2721,21,1,2,1,16.5,4.84,0.2739198,0.5246802
4955,50,1,13,12,54.2,13.74,0.4840602,6.9630198
212,23,1,6,2,22.7,17.37,1.03700637,2.90598363
4820,48,2,23,20,126.3,11.01,3.69889758,10.20673242
4421,28,3,5,6,42.2,4.18,0.32280468,1.44115532
1242,40,1,24,15,101.6,12.87,5.76648072,7.30943928
4359,42,1,2,22,27.5,9.31,1.72304825,0.83720175
147,39,1,5,2,36.6,7.37,1.4700939,1.2273261
1323,32,1,15,11,75.0,12.03,6.5413125,2.4811875
723,40,1,1,9,22.6,3.91,0.06008888,0.82357112
4000,26,3,2,1,56.6,17.34,1.3249494,8.4894906
2474,28,1,9,8,24.0,2.86,0.4475328,0.2388672
3975,49,3,5,27,54.7,6.59,1.80596973,1.79876027
636,45,1,17,0,63.4,8.74,3.047638,2.493522
2395,32,1,7,10,21.3,10.65,1.0344132,1.2340368
3929,31,2,3,10,30.4,13.74,1.82115456,2.35580544
2756,34,1,12,4,24.3,9.8,1.0930626,1.2883374
4413,36,1,16,8,35.2,5.07,1.0618608,0.7227792
954,35,3,5,14,36.7,4.25,0.4273715,1.1323785
1931,42,1,2,1,22.3,1.69,0.01733602,0.35953398
1872,20,2,0,1,14.7,5.05,0.30807525,0.43427475
3776,29,2,4,4,34.7,25.1,3.8235583,4.8861417
1315,29,2,5,0,33.3,14.35,0.46351935,4.31503065
2528,24,1,2,4,15.2,4.23,0.33948288,0.30347712
1081,23,1,1,0,16.1,0.77,0.03731497,0.08665503
2411,43,1,1,10,22.6,16.97,0.8821006,2.9531194
4978,45,3,10,20,69.6,7.46,1.1422752,4.0498848
2817,24,3,0,5,29.0,12.22,1.7506372,1.7931628
3354,38,2,10,10,42.9,9.44,0.95979312,3.08996688
1283,38,1,5,10,29.7,6.38,0.1800117,1.7148483
3204,28,2,4,6,20.4,10.26,0.66349368,1.42954632
197,44,1,28,8,157.7,11.93,6.45306823,12.36054177
935,28,2,7,7,31.7,2.15,0.1104111,0.5711389
3969,42,4,1,7,28.0,14.47,1.6935688,2.3580312
4801,27,3,2,0,60.2,3.75,0.14448,2.11302
3119,37,1,17,14,45.8,8.24,0.33587888,3.43804112
2247,21,1,1,1,16.3,6.19,0.39450727,0.61446273
1356,30,2,4,4,35.5,2.43,0.293301,0.569349
3769,26,1,7,0,24.6,9.39,1.04178294,1.26815706
4727,49,3,21,2,84.7,21.18,5.59711152,12.34234848
3564,49,5,15,1,2461.7,22.59,139.58060553,416.51742447
45,28,2,4,7,35.8,1.89,0.12382146,0.55279854
3489,32,1,2,1,23.5,22.49,0.17440995,5.11074005
1083,28,1,10,2,21.7,9.87,0.98950698,1.15228302
3676,34,1,9,7,29.2,4.34,0.3421656,0.9251144
1712,40,1,20,6,70.0,4.32,1.403136,1.620864
3797,48,2,4,22,20.0,16.18,1.669776,1.566224
1710,36,3,4,16,48.3,6.79,1.00682799,2.27274201
1744,56,1,9,13,29.3,10.03,1.51347685,1.42531315
2881,38,2,16,0,133.9,7.85,2.21785265,8.29329735
3105,23,1,0,2,16.9,12.32,0.41433392,1.66774608
1511,42,2,6,23,42.8,6.3,2.0276928,0.6687072
4223,27,2,9,4,29.8,5.94,0.25312716,1.51699284
2487,31,1,9,11,26.6,6.2,0.1632708,1.4859292
4446,25,1,3,4,17.8,4.94,0.10200112,0.77731888
2321,23,1,1,0,15.9,14.79,0.59495733,1.75665267
843,28,4,4,3,28.8,15.33,0.79029216,3.62474784
4097,39,1,3,18,29.8,5.65,0.4108228,1.2728772
3256,40,3,9,19,77.3,6.72,1.32980736,3.86475264
779,37,2,8,3,32.6,5.19,0.42467694,1.26726306
3021,40,3,16,0,160.3,19.53,14.7140973,16.5924927
751,28,1,3,7,35.6,11.04,1.13583936,2.79440064
1770,28,1,7,3,23.6,11.42,0.02964632,2.66547368
2285,24,1,4,4,28.1,6.49,0.50698582,1.31670418
372,38,1,20,1,62.3,8.61,1.11035421,4.25367579
2996,29,3,7,6,35.4,7.46,1.01144172,1.62939828
1348,24,2,3,4,16.7,10.07,0.64745065,1.03423935
278,29,1,6,2,36.5,16.75,2.274315,3.839435
4058,22,1,6,1,19.6,9.53,0.11580856,1.75207144
4928,24,3,3,5,21.6,2.09,0.10021968,0.35122032
963,30,1,5,9,22.4,7.63,1.0340176,0.6751024
2539,24,2,3,4,33.6,2.39,0.33165552,0.47138448
3753,48,2,0,0,25.2,8.0,1.050336,0.965664
3269,41,1,6,13,21.6,6.97,0.10689192,1.39862808
1243,23,2,1,2,21.0,15.53,0.3130848,2.9482152
3170,34,1,2,0,30.9,17.88,2.08841976,3.43650024
3444,41,4,14,2,92.3,3.73,0.23410972,3.20868028
1259,43,1,2,12,18.2,11.63,0.88476388,1.23189612
800,38,1,7,7,24.9,11.04,1.55866032,1.19029968
1522,26,1,2,4,22.3,11.22,1.46870922,1.03335078
3871,45,2,13,15,38.4,2.3,0.1360128,0.7471872
546,37,2,10,12,65.1,6.52,1.57896144,2.66555856
517,43,3,0,4,38.7,1.8,0.1351404,0.5614596
1441,40,1,13,7,51.3,13.86,0.711018,6.399162
4207,52,2,0,20,22.3,23.54,2.43048146,2.81893854
2583,45,3,12,12,60.0,23.97,4.444038,9.937962
1846,48,3,14,27,128.2,6.39,4.52197296,3.67000704
3296,26,3,1,4,22.4,23.96,2.66205184,2.70498816
3560,29,1,12,8,27.7,12.12,0.63451836,2.72272164
2842,30,3,5,7,24.4,3.49,0.12432776,0.72723224
4669,37,1,16,2,110.2,6.47,5.28328554,1.84665446
3025,27,1,3,7,14.0,6.48,0.2095632,0.6976368
4470,27,2,6,3,57.2,5.05,1.718717,1.169883
2133,41,1,21,15,57.2,6.24,0.41760576,3.15167424
3076,30,2,7,7,59.6,8.99,2.11106776,3.24697224
3786,38,1,19,7,44.7,4.37,1.69749591,0.25589409
2741,31,1,2,4,22.2,17.91,0.70773156,3.26828844
4802,35,1,15,4,48.7,15.91,1.26295171,6.48521829
183,41,4,14,3,44.2,1.7,0.3546608,0.3967392
3792,43,1,1,24,16.9,4.6,0.1391546,0.6382454
71,42,4,11,4,86.7,11.55,5.09704965,4.91680035
289,39,1,9,6,43.1,6.24,0.50561472,2.18382528
432,51,1,14,0,40.4,3.38,0.5393804,0.8261396
1826,28,1,6,6,26.6,4.28,0.3187744,0.8197056
1933,30,3,6,1,30.0,0.82,0.063714,0.182286
882,51,1,2,17,20.8,11.82,1.31778816,1.14077184
3020,26,2,8,3,45.5,14.3,1.7112095,4.7952905
2564,35,1,4,1,26.1,7.67,0.17816643,1.82370357
2529,30,3,0,8,36.4,8.01,1.0350522,1.8805878
4764,50,2,16,10,157.3,9.07,1.34110834,12.92600166
641,50,4,24,30,225.9,15.7,1.9861128,33.4801872
380,23,1,7,3,29.4,3.86,0.23037252,0.90446748
347,26,2,4,0,25.2,29.06,1.5378552,5.7852648
1693,48,4,5,16,38.7,14.54,0.81028512,4.81669488
2058,35,3,6,1,19.3,6.2,0.4989822,0.6976178
3801,31,2,12,9,24.2,12.76,1.73849896,1.34942104
2959,32,1,10,9,31.9,2.35,0.20165585,0.54799415
2768,26,2,6,6,27.5,5.24,0.629717,0.811283
627,38,1,10,2,37.8,8.81,0.18649008,3.14368992
230,50,1,19,31,43.5,16.66,3.5438319,3.7032681
3978,43,1,17,22,38.8,12.12,1.1051016,3.5974584
2991,22,2,4,0,16.3,3.4,0.1673684,0.3868316
3350,36,2,6,6,26.7,16.98,1.39636728,3.13729272
688,31,1,7,12,26.3,5.49,0.52701255,0.91685745
1404,26,1,6,6,22.2,8.52,0.25156152,1.63987848
2091,46,1,16,22,65.0,6.45,0.40248,3.79002
2516,30,3,5,3,84.7,2.11,0.66304007,1.12412993
4920,26,3,3,4,36.7,10.6,0.4551534,3.4350466
1189,28,2,9,5,16.8,2.44,0.08936256,0.32055744
2099,43,3,7,13,30.0,17.53,2.056269,3.202731
4283,39,1,5,1,22.1,17.47,0.29728699,3.56358301
2680,21,3,0,2,17.1,6.75,0.152361,1.001889
145,39,1,17,20,51.6,7.0,1.076376,2.535624
207,47,1,12,24,29.0,10.7,0.726102,2.376898
3415,36,4,7,10,84.6,15.21,2.77941456,10.08824544
304,30,1,0,11,17.1,0.51,0.03767472,0.04953528
1414,48,3,5,15,55.9,8.05,0.66149265,3.83845735
1880,39,3,17,2,183.9,6.29,2.46383703,9.10347297
4705,33,4,3,10,21.0,1.65,0.1334025,0.2130975
319,36,2,4,16,38.1,8.07,1.25139069,1.82327931
2081,27,1,6,2,23.3,8.9,0.6055204,1.4681796
1028,33,1,7,1,26.2,24.18,1.90688316,4.42827684
40,34,1,0,15,23.2,6.46,0.65793808,0.84078192
3699,38,1,2,5,21.8,11.78,0.15665044,2.41138956
86,30,2,2,3,28.4,6.7,0.2625864,1.6402136
2202,38,1,1,14,30.9,3.42,0.25679754,0.79998246
